motor_id,motor_type,day,date,load_pct,temp_c,true_fault,true_severity,f0_hz,fr_hz,slip,rms_a,rms_b,rms_c,rms_mean,crest,thd,sideband_ratio,ecc_ratio,bearing_band,unbalance_pct,vib_rms,vib_crest,vib_high_ratio,health,status,suspected_cause,action,degradation,iforest_anomaly
K001,TestRig,0,2024-01-01,70.0,45.6,healthy,0.0,100.0,24.99,0.002,1.765,1.766,1.767,1.766,1.444,0.0159,2.0,0.007,0.007,0.11,0.0693,6.572,0.5395,100.0,Healthy,Bearing defect frequencies,Replace DE/NDE bearings at next planned stop,0.856,False
K001,TestRig,1,2024-01-02,70.0,45.6,healthy,0.0,100.0,24.99,0.002,1.765,1.766,1.766,1.766,1.45,0.0168,2.0,0.0068,0.0068,0.05,0.0676,5.978,0.5187,100.0,Healthy,Bearing defect frequencies,Replace DE/NDE bearings at next planned stop,0.947,False
K001,TestRig,2,2024-01-03,70.0,45.6,healthy,0.0,100.0,24.99,0.002,1.766,1.766,1.766,1.766,1.44,0.017,2.0,0.0074,0.0074,0.04,0.0667,6.604,0.5579,100.0,Healthy,Bearing defect frequencies,Replace DE/NDE bearings at next planned stop,1.626,False
K001,TestRig,3,2024-01-04,70.0,45.6,healthy,0.0,100.0,24.99,0.002,1.767,1.764,1.767,1.766,1.443,0.0168,2.0,0.0082,0.0082,0.19,0.0691,6.198,0.539,100.0,Healthy,Bearing defect frequencies,Replace DE/NDE bearings at next planned stop,0.975,False
K001,TestRig,4,2024-01-05,70.0,46.3,healthy,0.0,101.0,24.99,0.002,1.773,1.772,1.774,1.773,1.454,0.0085,2.0,0.0432,0.0433,0.11,0.0646,5.635,0.5745,75.9,Watch,Air-gap eccentricity sidebands,"Check alignment, air gap and mounting; re-measure in 7 days",6.48,False
K001,TestRig,5,2024-01-06,70.0,46.3,healthy,0.0,101.0,24.99,0.002,1.772,1.771,1.774,1.772,1.456,0.0086,2.0,0.0434,0.0453,0.18,0.0713,5.996,0.5243,81.9,Healthy,Air-gap eccentricity sidebands,"Check alignment, air gap and mounting; re-measure in 7 days",5.259,True
K001,TestRig,6,2024-01-07,70.0,46.3,healthy,0.0,101.0,24.99,0.002,1.773,1.77,1.775,1.773,1.451,0.0081,2.0,0.0363,0.0427,0.25,0.0706,5.71,0.5681,80.2,Healthy,Bearing defect frequencies,Replace DE/NDE bearings at next planned stop,5.588,False
K001,TestRig,7,2024-01-08,70.0,46.3,healthy,0.0,101.0,24.99,0.002,1.773,1.77,1.775,1.773,1.444,0.0084,2.0,0.0327,0.0464,0.3,0.0666,5.798,0.5598,84.0,Healthy,Bearing defect frequencies,Replace DE/NDE bearings at next planned stop,4.836,False
K001,TestRig,8,2024-01-09,70.0,46.3,healthy,0.0,100.0,24.99,0.002,1.771,1.771,1.773,1.772,1.453,0.0168,2.0,0.0055,0.0055,0.14,0.0691,6.214,0.5672,97.5,Healthy,Bearing defect frequencies,Replace DE/NDE bearings at next planned stop,2.436,False
K001,TestRig,9,2024-01-10,70.0,46.3,healthy,0.0,100.0,24.99,0.002,1.773,1.77,1.776,1.773,1.465,0.0164,2.0,0.0052,0.0052,0.35,0.0691,6.831,0.5099,100.0,Healthy,Phase unbalance / overload,"Check supply balance, terminal tightness and winding insulation",1.872,False
K001,TestRig,10,2024-01-11,70.0,46.3,healthy,0.0,100.0,24.99,0.002,1.772,1.768,1.777,1.773,1.432,0.0166,2.0,0.0051,0.0051,0.49,0.0695,6.991,0.4842,100.0,Healthy,Bearing defect frequencies,Replace DE/NDE bearings at next planned stop,1.173,False
K001,TestRig,11,2024-01-12,70.0,46.3,healthy,0.0,100.0,24.99,0.002,1.772,1.768,1.778,1.773,1.438,0.0172,2.0,0.0061,0.0061,0.54,0.0668,6.467,0.5134,100.0,Healthy,Bearing defect frequencies,Replace DE/NDE bearings at next planned stop,1.101,False
K001,TestRig,12,2024-01-13,70.0,46.3,healthy,0.0,101.0,24.99,0.002,1.768,1.77,1.778,1.772,1.432,0.0055,2.0,0.0341,0.0481,0.6,0.0669,6.125,0.5375,85.7,Healthy,Bearing defect frequencies,Replace DE/NDE bearings at next planned stop,4.528,True
K001,TestRig,13,2024-01-14,70.0,46.3,healthy,0.0,101.0,24.99,0.002,1.767,1.771,1.777,1.772,1.446,0.0056,2.0,0.0392,0.0464,0.57,0.0643,6.361,0.5207,85.1,Healthy,Bearing defect frequencies,Replace DE/NDE bearings at next planned stop,4.636,True
K001,TestRig,14,2024-01-15,70.0,46.3,healthy,0.0,101.0,24.99,0.002,1.767,1.773,1.776,1.772,1.433,0.0056,2.0,0.0466,0.0485,0.47,0.0661,8.343,0.5365,78.4,Watch,Air-gap eccentricity sidebands,"Check alignment, air gap and mounting; re-measure in 7 days",5.964,True
K001,TestRig,15,2024-01-16,70.0,46.3,healthy,0.0,101.0,24.99,0.002,1.768,1.774,1.774,1.772,1.447,0.0059,2.0,0.0476,0.0486,0.38,0.0677,5.959,0.5608,77.3,Watch,Air-gap eccentricity sidebands,"Check alignment, air gap and mounting; re-measure in 7 days",6.185,True
K001,TestRig,16,2024-01-17,70.0,46.3,healthy,0.0,100.0,24.99,0.002,1.769,1.773,1.774,1.772,1.454,0.0159,2.0,0.0079,0.0079,0.3,0.0657,6.764,0.5338,100.0,Healthy,Bearing defect frequencies,Replace DE/NDE bearings at next planned stop,1.045,False
K001,TestRig,17,2024-01-18,70.0,46.3,healthy,0.0,100.0,24.99,0.002,1.769,1.772,1.772,1.771,1.454,0.0167,2.0,0.0073,0.0073,0.21,0.0686,5.534,0.5505,100.0,Healthy,Bearing defect frequencies,Replace DE/NDE bearings at next planned stop,1.449,False
K001,TestRig,18,2024-01-19,70.0,46.3,healthy,0.0,100.0,24.99,0.002,1.77,1.772,1.773,1.772,1.464,0.017,2.0,0.0078,0.0078,0.14,0.0669,6.186,0.5687,93.7,Healthy,Bearing defect frequencies,Replace DE/NDE bearings at next planned stop,3.083,False
K001,TestRig,19,2024-01-20,70.0,46.3,healthy,0.0,100.0,24.99,0.002,1.77,1.772,1.772,1.771,1.466,0.0174,2.0,0.0077,0.0077,0.11,0.0684,6.614,0.5376,100.0,Healthy,Phase unbalance / overload,"Check supply balance, terminal tightness and winding insulation",1.943,False
K001,TestRig,20,2024-01-21,70.0,46.4,healthy,0.0,100.0,24.99,0.002,1.77,1.769,1.772,1.77,1.445,0.0068,2.0,0.0284,0.0284,0.15,0.0671,5.722,0.5277,96.8,Healthy,Air-gap eccentricity sidebands,"Check alignment, air gap and mounting; re-measure in 7 days",2.545,False
K001,TestRig,21,2024-01-22,70.0,46.4,healthy,0.0,100.0,24.99,0.002,1.771,1.765,1.775,1.77,1.442,0.0068,2.0,0.0289,0.0289,0.55,0.0691,6.093,0.5602,90.1,Healthy,Air-gap eccentricity sidebands,"Check alignment, air gap and mounting; re-measure in 7 days",3.708,False
K001,TestRig,22,2024-01-23,70.0,46.4,healthy,0.0,100.0,24.99,0.002,1.769,1.768,1.776,1.771,1.438,0.0076,2.0,0.0241,0.0241,0.47,0.066,5.362,0.5159,100.0,Healthy,Air-gap eccentricity sidebands,"Check alignment, air gap and mounting; re-measure in 7 days",1.908,True
K001,TestRig,23,2024-01-24,70.0,46.4,healthy,0.0,100.0,24.99,0.002,1.77,1.766,1.778,1.771,1.444,0.0067,2.0,0.025,0.0253,0.65,0.0688,5.532,0.5331,96.8,Healthy,Air-gap eccentricity sidebands,"Check alignment, air gap and mounting; re-measure in 7 days",2.558,True
K001,TestRig,24,2024-01-25,70.0,46.5,healthy,0.0,100.0,24.99,0.002,1.77,1.77,1.772,1.77,1.458,0.0174,2.0,0.0086,0.0086,0.13,0.0674,7.784,0.485,100.0,Healthy,Bearing defect frequencies,Replace DE/NDE bearings at next planned stop,2.006,False
K001,TestRig,25,2024-01-26,70.0,46.5,healthy,0.0,100.0,24.99,0.002,1.77,1.767,1.773,1.77,1.449,0.0166,2.0,0.0089,0.0089,0.35,0.0665,5.456,0.5416,100.0,Healthy,Bearing defect frequencies,Replace DE/NDE bearings at next planned stop,0.855,False
K001,TestRig,26,2024-01-27,70.0,46.5,healthy,0.0,100.0,24.99,0.002,1.77,1.766,1.775,1.77,1.427,0.0167,2.0,0.0082,0.0082,0.56,0.0695,5.742,0.517,100.0,Healthy,Bearing defect frequencies,Replace DE/NDE bearings at next planned stop,1.173,False
K001,TestRig,27,2024-01-28,70.0,46.5,healthy,0.0,100.0,24.99,0.002,1.769,1.766,1.777,1.771,1.422,0.0175,2.0,0.0069,0.0069,0.6,0.0702,7.571,0.541,100.0,Healthy,Bearing defect frequencies,Replace DE/NDE bearings at next planned stop,1.846,False
K001,TestRig,28,2024-01-29,70.0,46.4,healthy,0.0,100.0,24.99,0.002,1.766,1.772,1.773,1.77,1.439,0.0154,2.0,0.0068,0.0068,0.38,0.0684,7.05,0.5317,100.0,Healthy,Bearing defect frequencies,Replace DE/NDE bearings at next planned stop,0.957,False
K001,TestRig,29,2024-01-30,70.0,46.4,healthy,0.0,100.0,24.99,0.002,1.767,1.771,1.771,1.77,1.441,0.015,2.0,0.0094,0.0094,0.23,0.0666,6.311,0.5612,100.0,Healthy,Bearing defect frequencies,Replace DE/NDE bearings at next planned stop,1.542,False
K001,TestRig,30,2024-01-31,70.0,46.4,healthy,0.0,100.0,24.99,0.002,1.769,1.771,1.771,1.77,1.449,0.0171,2.0,0.0069,0.0069,0.13,0.0645,5.643,0.5565,100.0,Healthy,Bearing defect frequencies,Replace DE/NDE bearings at next planned stop,1.478,False
K001,TestRig,31,2024-02-01,70.0,46.4,healthy,0.0,100.0,24.99,0.002,1.77,1.769,1.771,1.77,1.445,0.0171,2.0,0.0096,0.0096,0.11,0.0696,5.935,0.5611,100.0,Healthy,Bearing defect frequencies,Replace DE/NDE bearings at next planned stop,1.936,False
K001,TestRig,32,2024-02-02,70.0,46.6,healthy,0.0,100.0,24.99,0.002,1.767,1.766,1.774,1.769,1.445,0.0071,2.0,0.023,0.034,0.45,0.0676,6.534,0.549,96.0,Healthy,Bearing defect frequencies,Replace DE/NDE bearings at next planned stop,2.694,False
K001,TestRig,33,2024-02-03,70.0,46.6,healthy,0.0,100.0,24.99,0.002,1.765,1.765,1.776,1.768,1.439,0.0069,2.0,0.0226,0.0357,0.6,0.066,8.157,0.5789,80.5,Healthy,Bearing defect frequencies,Replace DE/NDE bearings at next planned stop,5.532,True
K001,TestRig,34,2024-02-04,70.0,46.6,healthy,0.0,100.0,24.99,0.002,1.767,1.766,1.776,1.77,1.445,0.0031,2.0,0.0219,0.0324,0.59,0.0681,5.329,0.5356,96.4,Healthy,Bearing defect frequencies,Replace DE/NDE bearings at next planned stop,2.624,False
K001,TestRig,35,2024-02-05,70.0,46.6,healthy,0.0,100.0,24.99,0.002,1.765,1.768,1.774,1.769,1.446,0.0047,2.0,0.0307,0.0369,0.48,0.0619,5.989,0.5598,89.0,Healthy,Bearing defect frequencies,Replace DE/NDE bearings at next planned stop,3.919,False
K001,TestRig,36,2024-02-06,70.0,46.6,healthy,0.0,100.0,24.99,0.002,1.769,1.765,1.773,1.769,1.434,0.0165,2.0,0.0052,0.0052,0.5,0.0707,6.143,0.5546,100.0,Healthy,Bearing defect frequencies,Replace DE/NDE bearings at next planned stop,1.557,False
K001,TestRig,37,2024-02-07,70.0,46.6,healthy,0.0,100.0,24.99,0.002,1.77,1.767,1.776,1.771,1.43,0.0169,2.0,0.009,0.009,0.52,0.0654,6.147,0.5043,100.0,Healthy,Bearing defect frequencies,Replace DE/NDE bearings at next planned stop,0.963,False
K001,TestRig,38,2024-02-08,70.0,46.6,healthy,0.0,100.0,24.99,0.002,1.768,1.765,1.776,1.77,1.425,0.0166,2.0,0.0048,0.0048,0.63,0.0687,8.197,0.5307,100.0,Healthy,Bearing defect frequencies,Replace DE/NDE bearings at next planned stop,2.025,False
K001,TestRig,39,2024-02-09,70.0,46.6,healthy,0.0,100.0,24.99,0.002,1.767,1.767,1.777,1.77,1.421,0.017,2.0,0.0069,0.0069,0.61,0.0663,5.777,0.5741,94.7,Healthy,Bearing defect frequencies,Replace DE/NDE bearings at next planned stop,2.906,False
K001,TestRig,40,2024-02-10,70.0,46.7,healthy,0.0,100.0,24.99,0.002,1.773,1.77,1.775,1.773,1.447,0.0166,2.0,0.0051,0.0051,0.32,0.0681,7.163,0.5225,100.0,Healthy,Bearing defect frequencies,Replace DE/NDE bearings at next planned stop,1.167,False
K001,TestRig,41,2024-02-11,70.0,46.7,healthy,0.0,100.0,24.99,0.002,1.773,1.768,1.777,1.773,1.438,0.0173,2.0,0.0063,0.0063,0.51,0.0704,7.593,0.5379,100.0,Healthy,Bearing defect frequencies,Replace DE/NDE bearings at next planned stop,1.627,False
K001,TestRig,42,2024-02-12,70.0,46.7,healthy,0.0,100.0,24.99,0.002,1.771,1.769,1.779,1.773,1.431,0.0173,2.0,0.0066,0.0066,0.58,0.0671,6.286,0.5415,100.0,Healthy,Bearing defect frequencies,Replace DE/NDE bearings at next planned stop,1.219,False
K001,TestRig,43,2024-02-13,70.0,46.7,healthy,0.0,100.0,24.99,0.002,1.769,1.769,1.779,1.773,1.452,0.0156,2.0,0.0063,0.0063,0.56,0.0658,4.845,0.5408,100.0,Healthy,Bearing defect frequencies,Replace DE/NDE bearings at next planned stop,1.023,False
K001,TestRig,44,2024-02-14,70.0,45.8,healthy,0.0,100.0,24.99,0.002,1.768,1.769,1.777,1.772,1.433,0.0157,2.0,0.006,0.006,0.55,0.0668,7.386,0.5315,100.0,Healthy,Bearing defect frequencies,Replace DE/NDE bearings at next planned stop,1.272,False
K001,TestRig,45,2024-02-15,70.0,45.8,healthy,0.0,100.0,24.99,0.002,1.768,1.769,1.778,1.772,1.426,0.0158,2.0,0.0056,0.0056,0.58,0.068,11.858,0.5995,74.9,Watch,Bearing defect frequencies,Replace DE/NDE bearings at next planned stop,6.688,False
K001,TestRig,46,2024-02-16,70.0,45.8,healthy,0.0,100.0,24.99,0.002,1.768,1.769,1.778,1.772,1.441,0.0155,2.0,0.0059,0.0059,0.59,0.0664,6.972,0.5069,100.0,Healthy,Bearing defect frequencies,Replace DE/NDE bearings at next planned stop,1.132,False
K001,TestRig,47,2024-02-17,70.0,45.8,healthy,0.0,100.0,24.99,0.002,1.768,1.768,1.778,1.771,1.431,0.0157,2.0,0.0052,0.0052,0.59,0.0671,5.577,0.5441,100.0,Healthy,Bearing defect frequencies,Replace DE/NDE bearings at next planned stop,1.017,False
K001,TestRig,48,2024-02-18,70.0,46.6,healthy,0.0,100.0,24.99,0.002,1.772,1.769,1.773,1.771,1.447,0.0166,2.0,0.0086,0.0086,0.21,0.068,5.444,0.5603,100.0,Healthy,Bearing defect frequencies,Replace DE/NDE bearings at next planned stop,1.761,False
K001,TestRig,49,2024-02-19,70.0,46.6,healthy,0.0,100.0,24.99,0.002,1.771,1.767,1.774,1.771,1.441,0.0167,2.0,0.0074,0.0074,0.37,0.0718,6.249,0.5344,100.0,Healthy,Bearing defect frequencies,Replace DE/NDE bearings at next planned stop,1.056,False
K001,TestRig,50,2024-02-20,70.0,46.6,healthy,0.0,100.0,24.99,0.002,1.771,1.767,1.775,1.771,1.432,0.0164,2.0,0.0081,0.0081,0.47,0.0682,7.141,0.5596,100.0,Healthy,Bearing defect frequencies,Replace DE/NDE bearings at next planned stop,1.943,False
K001,TestRig,51,2024-02-21,70.0,46.6,healthy,0.0,100.0,24.99,0.002,1.77,1.766,1.777,1.771,1.436,0.0167,2.0,0.0076,0.0076,0.58,0.0665,5.737,0.5623,99.6,Healthy,Bearing defect frequencies,Replace DE/NDE bearings at next planned stop,2.088,False
K001,TestRig,52,2024-02-22,70.0,46.0,healthy,0.0,100.0,24.99,0.002,1.767,1.772,1.774,1.771,1.447,0.0157,2.0,0.0073,0.0073,0.41,0.0661,5.98,0.5371,100.0,Healthy,Bearing defect frequencies,Replace DE/NDE bearings at next planned stop,0.715,False
K001,TestRig,53,2024-02-23,70.0,46.0,healthy,0.0,100.0,24.99,0.002,1.767,1.773,1.773,1.771,1.453,0.0158,2.0,0.0076,0.0076,0.32,0.067,6.424,0.5506,100.0,Healthy,Bearing defect frequencies,Replace DE/NDE bearings at next planned stop,1.217,False
K001,TestRig,54,2024-02-24,70.0,46.0,healthy,0.0,100.0,24.99,0.002,1.769,1.773,1.773,1.772,1.465,0.0161,2.0,0.0081,0.0081,0.22,0.0683,5.696,0.5126,100.0,Healthy,Phase unbalance / overload,"Check supply balance, terminal tightness and winding insulation",1.7,False
K001,TestRig,55,2024-02-25,70.0,46.0,healthy,0.0,100.0,24.99,0.002,1.77,1.771,1.772,1.771,1.438,0.0172,2.0,0.0079,0.0079,0.12,0.0656,5.571,0.5318,100.0,Healthy,Bearing defect frequencies,Replace DE/NDE bearings at next planned stop,0.907,False
K001,TestRig,56,2024-02-26,70.0,46.1,healthy,0.0,100.0,24.99,0.002,1.768,1.77,1.779,1.772,1.427,0.0157,2.0,0.0092,0.0092,0.59,0.0675,4.782,0.5896,90.4,Healthy,Bearing defect frequencies,Replace DE/NDE bearings at next planned stop,3.658,False
K001,TestRig,57,2024-02-27,70.0,46.1,healthy,0.0,100.0,24.99,0.002,1.767,1.771,1.777,1.772,1.438,0.0151,2.0,0.0093,0.0093,0.55,0.068,7.042,0.5541,100.0,Healthy,Bearing defect frequencies,Replace DE/NDE bearings at next planned stop,1.55,False
K001,TestRig,58,2024-02-28,70.0,46.1,healthy,0.0,100.0,24.99,0.002,1.767,1.773,1.775,1.772,1.44,0.0149,2.0,0.0095,0.0095,0.46,0.0675,7.083,0.5395,100.0,Healthy,Bearing defect frequencies,Replace DE/NDE bearings at next planned stop,0.87,False
K001,TestRig,59,2024-02-29,70.0,46.1,healthy,0.0,100.0,24.99,0.002,1.769,1.773,1.773,1.772,1.438,0.0152,2.0,0.0101,0.0101,0.24,0.0678,6.401,0.5396,100.0,Healthy,Bearing defect frequencies,Replace DE/NDE bearings at next planned stop,0.705,False
K001,TestRig,60,2024-03-01,70.0,46.3,healthy,0.0,100.0,24.99,0.002,1.769,1.77,1.778,1.772,1.445,0.0153,2.0,0.0066,0.0066,0.52,0.0668,5.162,0.5114,100.0,Healthy,Bearing defect frequencies,Replace DE/NDE bearings at next planned stop,0.789,False
K001,TestRig,61,2024-03-02,70.0,46.3,healthy,0.0,100.0,24.99,0.002,1.767,1.771,1.777,1.772,1.447,0.0155,2.0,0.0068,0.0068,0.53,0.0652,7.82,0.5474,100.0,Healthy,Bearing defect frequencies,Replace DE/NDE bearings at next planned stop,1.414,False
K001,TestRig,62,2024-03-03,70.0,46.3,healthy,0.0,100.0,24.99,0.002,1.769,1.774,1.777,1.773,1.444,0.0153,2.0,0.0066,0.0066,0.46,0.0642,5.145,0.5303,100.0,Healthy,Bearing defect frequencies,Replace DE/NDE bearings at next planned stop,0.591,False
K001,TestRig,63,2024-03-04,70.0,46.3,healthy,0.0,100.0,24.99,0.002,1.768,1.773,1.774,1.772,1.446,0.016,2.0,0.0067,0.0067,0.32,0.0704,5.495,0.5653,99.8,Healthy,Bearing defect frequencies,Replace DE/NDE bearings at next planned stop,2.065,False
K001,TestRig,64,2024-03-05,70.0,46.2,healthy,0.0,100.0,24.99,0.002,1.772,1.771,1.774,1.772,1.458,0.0172,2.0,0.0071,0.0071,0.16,0.0731,7.389,0.5854,86.5,Healthy,Bearing defect frequencies,Replace DE/NDE bearings at next planned stop,4.37,False
K001,TestRig,65,2024-03-06,70.0,46.2,healthy,0.0,100.0,24.99,0.002,1.773,1.77,1.774,1.772,1.456,0.0162,2.0,0.0043,0.0044,0.23,0.0694,6.625,0.5616,99.0,Healthy,Bearing defect frequencies,Replace DE/NDE bearings at next planned stop,2.196,False
K001,TestRig,66,2024-03-07,70.0,46.2,healthy,0.0,100.0,24.99,0.002,1.773,1.769,1.776,1.773,1.458,0.0162,2.0,0.0051,0.0051,0.4,0.068,6.846,0.5484,100.0,Healthy,Bearing defect frequencies,Replace DE/NDE bearings at next planned stop,1.559,False
K001,TestRig,67,2024-03-08,70.0,46.2,healthy,0.0,100.0,24.99,0.002,1.771,1.768,1.777,1.772,1.444,0.0162,2.0,0.0051,0.0051,0.52,0.0686,5.434,0.5501,100.0,Healthy,Bearing defect frequencies,Replace DE/NDE bearings at next planned stop,1.214,False
K001,TestRig,68,2024-03-09,70.0,46.1,healthy,0.0,100.0,24.99,0.002,1.772,1.77,1.775,1.772,1.454,0.0165,2.0,0.0077,0.0077,0.26,0.0656,5.288,0.5577,100.0,Healthy,Bearing defect frequencies,Replace DE/NDE bearings at next planned stop,1.75,False
K001,TestRig,69,2024-03-10,70.0,46.1,healthy,0.0,100.0,24.99,0.002,1.772,1.769,1.775,1.772,1.454,0.0167,2.0,0.0069,0.0069,0.37,0.0681,6.751,0.5393,100.0,Healthy,Bearing defect frequencies,Replace DE/NDE bearings at next planned stop,1.236,False
K001,TestRig,70,2024-03-11,70.0,46.1,healthy,0.0,100.0,24.99,0.002,1.772,1.768,1.775,1.772,1.448,0.0146,2.0,0.0062,0.0063,0.38,0.0682,5.734,0.5546,100.0,Healthy,Bearing defect frequencies,Replace DE/NDE bearings at next planned stop,1.143,False
K001,TestRig,71,2024-03-12,70.0,46.1,healthy,0.0,100.0,24.99,0.002,1.773,1.769,1.776,1.773,1.43,0.0168,2.0,0.0069,0.0069,0.42,0.0701,6.608,0.577,94.9,Healthy,Bearing defect frequencies,Replace DE/NDE bearings at next planned stop,2.874,False
K001,TestRig,72,2024-03-13,70.0,46.3,healthy,0.0,100.0,24.99,0.002,1.769,1.771,1.778,1.773,1.454,0.016,2.0,0.0076,0.0076,0.5,0.0687,6.385,0.579,93.4,Healthy,Bearing defect frequencies,Replace DE/NDE bearings at next planned stop,3.138,False
K001,TestRig,73,2024-03-14,70.0,46.3,healthy,0.0,100.0,24.99,0.002,1.769,1.771,1.779,1.773,1.446,0.0161,2.0,0.0076,0.0076,0.55,0.0659,6.008,0.5591,100.0,Healthy,Bearing defect frequencies,Replace DE/NDE bearings at next planned stop,1.719,False
K001,TestRig,74,2024-03-15,70.0,46.3,healthy,0.0,100.0,24.99,0.002,1.769,1.771,1.779,1.773,1.452,0.0158,2.0,0.0065,0.0065,0.52,0.065,7.734,0.5062,100.0,Healthy,Bearing defect frequencies,Replace DE/NDE bearings at next planned stop,1.449,False
K001,TestRig,75,2024-03-16,70.0,46.3,healthy,0.0,100.0,24.99,0.002,1.769,1.771,1.779,1.773,1.444,0.016,2.0,0.0078,0.0078,0.54,0.0632,7.826,0.5027,100.0,Healthy,Bearing defect frequencies,Replace DE/NDE bearings at next planned stop,1.367,False
K001,TestRig,76,2024-03-17,70.0,46.2,healthy,0.0,100.0,24.99,0.002,1.772,1.771,1.773,1.772,1.446,0.0171,2.0,0.0079,0.0079,0.14,0.0706,6.999,0.5777,93.2,Healthy,Bearing defect frequencies,Replace DE/NDE bearings at next planned stop,3.156,False
K001,TestRig,77,2024-03-18,70.0,46.2,healthy,0.0,100.0,24.99,0.002,1.774,1.772,1.776,1.774,1.451,0.0172,2.0,0.0076,0.0076,0.21,0.065,5.047,0.5789,94.5,Healthy,Bearing defect frequencies,Replace DE/NDE bearings at next planned stop,2.945,False
K001,TestRig,78,2024-03-19,70.0,46.2,healthy,0.0,100.0,24.99,0.002,1.773,1.77,1.776,1.773,1.435,0.0168,2.0,0.0077,0.0077,0.35,0.0687,5.27,0.5316,100.0,Healthy,Bearing defect frequencies,Replace DE/NDE bearings at next planned stop,0.961,False
K001,TestRig,79,2024-03-20,70.0,46.2,healthy,0.0,100.0,24.99,0.002,1.773,1.769,1.777,1.773,1.437,0.0168,2.0,0.0083,0.0083,0.42,0.0704,6.634,0.5475,100.0,Healthy,Bearing defect frequencies,Replace DE/NDE bearings at next planned stop,1.11,False
K002,TestRig,0,2024-01-01,70.0,51.8,healthy,0.0,100.0,24.99,0.002,1.818,1.83,1.824,1.824,1.456,0.0102,2.0,0.013,0.0143,0.67,0.034,5.917,0.5219,100.0,Healthy,Phase unbalance / overload,"Check supply balance, terminal tightness and winding insulation",1.362,False
K002,TestRig,1,2024-01-02,70.0,51.8,healthy,0.0,100.0,24.99,0.002,1.828,1.841,1.832,1.834,1.449,0.0144,2.0,0.0067,0.0067,0.68,0.0338,8.456,0.5406,99.5,Healthy,Bearing defect frequencies,Replace DE/NDE bearings at next planned stop,2.103,False
K002,TestRig,2,2024-01-03,70.0,51.8,healthy,0.0,100.0,24.99,0.002,1.825,1.836,1.828,1.83,1.452,0.0154,2.0,0.0071,0.0071,0.62,0.0352,7.659,0.5413,100.0,Healthy,Phase unbalance / overload,"Check supply balance, terminal tightness and winding insulation",1.796,False
K002,TestRig,3,2024-01-04,70.0,51.8,healthy,0.0,100.0,24.99,0.002,1.818,1.827,1.823,1.823,1.46,0.011,2.0,0.0116,0.0116,0.49,0.0348,5.497,0.5467,100.0,Healthy,Phase unbalance / overload,"Check supply balance, terminal tightness and winding insulation",1.176,False
K002,TestRig,4,2024-01-05,70.0,51.1,healthy,0.0,100.0,24.99,0.002,1.805,1.816,1.815,1.812,1.47,0.015,2.0,0.0042,0.0067,0.62,0.0371,6.263,0.575,90.5,Healthy,Bearing defect frequencies,Replace DE/NDE bearings at next planned stop,3.648,False
K002,TestRig,5,2024-01-06,70.0,51.1,healthy,0.0,100.0,24.99,0.002,1.806,1.819,1.817,1.814,1.447,0.0169,2.0,0.0058,0.0058,0.74,0.0373,9.713,0.5359,95.4,Healthy,Bearing defect frequencies,Replace DE/NDE bearings at next planned stop,2.791,False
K002,TestRig,6,2024-01-07,70.0,51.1,healthy,0.0,100.0,24.99,0.002,1.804,1.822,1.816,1.814,1.441,0.015,2.0,0.004,0.0049,0.96,0.035,6.998,0.5257,100.0,Healthy,Phase unbalance / overload,"Check supply balance, terminal tightness and winding insulation",1.782,False
K002,TestRig,7,2024-01-08,70.0,51.1,healthy,0.0,100.0,24.99,0.002,1.808,1.825,1.817,1.816,1.444,0.0162,2.0,0.0046,0.0046,0.95,0.0365,5.864,0.5489,100.0,Healthy,Phase unbalance / overload,"Check supply balance, terminal tightness and winding insulation",1.949,False
K002,TestRig,8,2024-01-09,70.0,51.2,healthy,0.0,100.0,24.99,0.002,1.804,1.823,1.813,1.813,1.436,0.0173,2.0,0.0071,0.0071,1.08,0.0354,8.008,0.558,91.0,Healthy,Phase unbalance / overload,"Check supply balance, terminal tightness and winding insulation",3.543,False
K002,TestRig,9,2024-01-10,70.0,51.2,healthy,0.0,100.0,24.99,0.002,1.81,1.827,1.821,1.819,1.436,0.0188,2.0,0.0068,0.0068,0.96,0.0357,6.295,0.5712,89.9,Healthy,Bearing defect frequencies,Replace DE/NDE bearings at next planned stop,3.744,False
K002,TestRig,10,2024-01-11,70.0,51.2,healthy,0.0,100.0,24.99,0.002,1.808,1.826,1.818,1.817,1.43,0.0149,2.0,0.0082,0.0082,0.97,0.0358,8.853,0.5598,91.1,Healthy,Phase unbalance / overload,"Check supply balance, terminal tightness and winding insulation",3.527,False
K002,TestRig,11,2024-01-12,70.0,51.2,healthy,0.0,100.0,24.99,0.002,1.812,1.83,1.823,1.822,1.439,0.0196,2.0,0.0066,0.0066,1.01,0.0348,5.635,0.5713,88.3,Healthy,Bearing defect frequencies,Replace DE/NDE bearings at next planned stop,4.035,False
K002,TestRig,12,2024-01-13,70.0,51.0,healthy,0.0,100.0,24.99,0.002,1.803,1.815,1.812,1.81,1.447,0.0146,2.0,0.0033,0.0062,0.65,0.0367,7.232,0.5322,100.0,Healthy,Phase unbalance / overload,"Check supply balance, terminal tightness and winding insulation",1.04,False
K002,TestRig,13,2024-01-14,70.0,51.0,healthy,0.0,100.0,24.99,0.002,1.802,1.812,1.812,1.809,1.437,0.009,2.0,0.0159,0.0159,0.55,0.0345,5.735,0.5568,100.0,Healthy,Bearing defect frequencies,Replace DE/NDE bearings at next planned stop,1.355,False
K002,TestRig,14,2024-01-15,70.0,51.0,healthy,0.0,100.0,24.99,0.002,1.805,1.817,1.814,1.812,1.438,0.0174,2.0,0.009,0.009,0.65,0.035,5.862,0.5575,100.0,Healthy,Bearing defect frequencies,Replace DE/NDE bearings at next planned stop,1.867,False
K002,TestRig,15,2024-01-16,70.0,51.0,healthy,0.0,100.0,24.99,0.002,1.807,1.82,1.818,1.815,1.437,0.0157,2.0,0.0078,0.0078,0.7,0.0369,5.837,0.5721,96.0,Healthy,Bearing defect frequencies,Replace DE/NDE bearings at next planned stop,2.685,False
K002,TestRig,16,2024-01-17,70.0,51.0,healthy,0.0,100.0,25.0,0.002,1.814,1.829,1.825,1.823,1.442,0.0163,2.0,0.0094,0.0094,0.83,0.0349,5.828,0.5489,100.0,Healthy,Phase unbalance / overload,"Check supply balance, terminal tightness and winding insulation",1.819,False
K002,TestRig,17,2024-01-18,70.0,51.0,healthy,0.0,100.0,25.0,0.002,1.81,1.83,1.82,1.82,1.432,0.0139,2.0,0.0066,0.0084,1.08,0.037,12.258,0.5821,75.1,Watch,Bearing defect frequencies,Replace DE/NDE bearings at next planned stop,6.658,False
K002,TestRig,18,2024-01-19,70.0,51.0,healthy,0.0,100.0,25.0,0.002,1.814,1.831,1.822,1.822,1.429,0.0156,2.0,0.0113,0.0113,0.94,0.0361,9.056,0.5448,94.6,Healthy,Bearing defect frequencies,Replace DE/NDE bearings at next planned stop,2.922,False
K002,TestRig,19,2024-01-20,70.0,51.0,healthy,0.0,100.0,25.0,0.002,1.801,1.812,1.807,1.807,1.438,0.0123,2.0,0.0096,0.0096,0.56,0.0345,5.552,0.58,97.3,Healthy,Bearing defect frequencies,Replace DE/NDE bearings at next planned stop,2.473,False
K002,TestRig,20,2024-01-21,70.0,51.3,healthy,0.0,100.0,24.99,0.002,1.811,1.822,1.814,1.815,1.445,0.0133,2.0,0.0055,0.0061,0.6,0.0352,7.172,0.5534,100.0,Healthy,Bearing defect frequencies,Replace DE/NDE bearings at next planned stop,1.367,False
K002,TestRig,21,2024-01-22,70.0,51.3,healthy,0.0,100.0,24.99,0.002,1.814,1.826,1.818,1.819,1.446,0.0151,2.0,0.007,0.007,0.71,0.0347,6.905,0.554,100.0,Healthy,Phase unbalance / overload,"Check supply balance, terminal tightness and winding insulation",1.741,False
K002,TestRig,22,2024-01-23,70.0,51.3,healthy,0.0,100.0,24.99,0.002,1.805,1.815,1.81,1.81,1.449,0.0129,2.0,0.0073,0.0073,0.53,0.0357,6.049,0.582,96.6,Healthy,Bearing defect frequencies,Replace DE/NDE bearings at next planned stop,2.582,False
K002,TestRig,23,2024-01-24,70.0,51.3,healthy,0.0,100.0,24.99,0.002,1.813,1.831,1.821,1.821,1.445,0.0058,2.0,0.0118,0.0155,1.01,0.0352,7.135,0.586,86.1,Healthy,Bearing defect frequencies,Replace DE/NDE bearings at next planned stop,4.441,False
K002,TestRig,24,2024-01-25,70.0,51.2,healthy,0.0,100.0,25.0,0.002,1.807,1.825,1.815,1.816,1.432,0.0184,2.0,0.0054,0.0054,0.97,0.0376,9.055,0.5861,79.7,Watch,Bearing defect frequencies,Replace DE/NDE bearings at next planned stop,5.684,False
K002,TestRig,25,2024-01-26,70.0,51.2,healthy,0.0,100.0,25.0,0.002,1.804,1.822,1.813,1.813,1.437,0.0156,2.0,0.0112,0.0112,0.96,0.0351,9.723,0.5807,82.2,Healthy,Bearing defect frequencies,Replace DE/NDE bearings at next planned stop,5.192,False
K002,TestRig,26,2024-01-27,70.0,51.2,healthy,0.0,100.0,25.0,0.002,1.8,1.816,1.805,1.807,1.434,0.0154,2.0,0.0051,0.0052,0.89,0.0335,6.957,0.5669,95.5,Healthy,Bearing defect frequencies,Replace DE/NDE bearings at next planned stop,2.776,False
K002,TestRig,27,2024-01-28,70.0,51.2,healthy,0.0,100.0,25.0,0.002,1.803,1.821,1.81,1.811,1.44,0.0166,2.0,0.0059,0.0059,0.96,0.0355,6.639,0.5348,100.0,Healthy,Phase unbalance / overload,"Check supply balance, terminal tightness and winding insulation",1.783,False
K002,TestRig,28,2024-01-29,70.0,51.0,healthy,0.0,100.0,24.99,0.002,1.802,1.82,1.814,1.812,1.44,0.0145,2.0,0.0039,0.0043,0.99,0.0335,6.564,0.5746,92.5,Healthy,Bearing defect frequencies,Replace DE/NDE bearings at next planned stop,3.283,False
K002,TestRig,29,2024-01-30,70.0,51.0,healthy,0.0,100.0,24.99,0.002,1.804,1.82,1.812,1.812,1.44,0.007,2.0,0.018,0.018,0.9,0.0356,9.037,0.5613,89.0,Healthy,Bearing defect frequencies,Replace DE/NDE bearings at next planned stop,3.906,False
K002,TestRig,30,2024-01-31,70.0,51.0,healthy,0.0,100.0,24.99,0.002,1.807,1.825,1.817,1.816,1.444,0.0148,2.0,0.0047,0.0047,0.99,0.0356,6.601,0.5488,100.0,Healthy,Phase unbalance / overload,"Check supply balance, terminal tightness and winding insulation",1.839,False
K002,TestRig,31,2024-02-01,70.0,51.0,healthy,0.0,100.0,24.99,0.002,1.806,1.819,1.81,1.812,1.454,0.0158,2.0,0.0076,0.0076,0.76,0.0364,9.214,0.5604,91.2,Healthy,Bearing defect frequencies,Replace DE/NDE bearings at next planned stop,3.52,False
K002,TestRig,32,2024-02-02,70.0,51.2,healthy,0.0,100.0,24.99,0.002,1.806,1.823,1.814,1.814,1.431,0.0152,2.0,0.0072,0.0072,0.98,0.0355,7.625,0.5729,89.8,Healthy,Bearing defect frequencies,Replace DE/NDE bearings at next planned stop,3.761,False
K002,TestRig,33,2024-02-03,70.0,51.2,healthy,0.0,100.0,24.99,0.002,1.806,1.824,1.815,1.815,1.444,0.0187,2.0,0.0069,0.0069,0.97,0.0348,6.785,0.5783,87.5,Healthy,Bearing defect frequencies,Replace DE/NDE bearings at next planned stop,4.187,False
K002,TestRig,34,2024-02-04,70.0,51.2,healthy,0.0,100.0,24.99,0.002,1.804,1.821,1.81,1.812,1.439,0.0174,2.0,0.0083,0.0083,0.93,0.0353,6.688,0.5618,95.3,Healthy,Phase unbalance / overload,"Check supply balance, terminal tightness and winding insulation",2.812,False
K002,TestRig,35,2024-02-05,70.0,51.2,healthy,0.0,100.0,24.99,0.002,1.803,1.818,1.808,1.81,1.432,0.0142,2.0,0.0064,0.0064,0.86,0.0342,7.551,0.5264,100.0,Healthy,Phase unbalance / overload,"Check supply balance, terminal tightness and winding insulation",1.617,False
K002,TestRig,36,2024-02-06,70.0,51.0,healthy,0.0,109.0,25.0,0.002,1.801,1.817,1.814,1.811,1.474,0.0063,2.0,0.0257,0.036,0.85,0.0337,5.049,0.5668,77.9,Watch,Bearing defect frequencies,Replace DE/NDE bearings at next planned stop,6.071,True
K002,TestRig,37,2024-02-07,70.0,51.0,healthy,0.0,109.0,25.0,0.002,1.801,1.82,1.815,1.812,1.441,0.004,2.0,0.0295,0.0392,1.05,0.035,7.279,0.5676,78.0,Watch,Bearing defect frequencies,Replace DE/NDE bearings at next planned stop,6.051,True
K002,TestRig,38,2024-02-08,70.0,51.0,healthy,0.0,109.0,25.0,0.002,1.801,1.818,1.806,1.808,1.45,0.0055,2.0,0.0199,0.027,0.93,0.0346,6.771,0.5289,96.0,Healthy,Phase unbalance / overload,"Check supply balance, terminal tightness and winding insulation",2.689,False
K002,TestRig,39,2024-02-09,70.0,51.0,healthy,0.0,109.0,25.0,0.002,1.803,1.816,1.808,1.809,1.472,0.0059,2.0,0.0315,0.0424,0.7,0.0336,5.304,0.556,79.3,Watch,Bearing defect frequencies,Replace DE/NDE bearings at next planned stop,5.767,True
K002,TestRig,40,2024-02-10,70.0,50.9,healthy,0.0,100.0,24.99,0.002,1.797,1.809,1.809,1.805,1.451,0.0168,2.0,0.0121,0.0121,0.69,0.0352,6.994,0.5684,96.2,Healthy,Bearing defect frequencies,Replace DE/NDE bearings at next planned stop,2.659,False
K002,TestRig,41,2024-02-11,70.0,50.9,healthy,0.0,100.0,24.99,0.002,1.8,1.814,1.811,1.808,1.44,0.0179,2.0,0.0115,0.0115,0.79,0.0372,7.03,0.5747,91.7,Healthy,Bearing defect frequencies,Replace DE/NDE bearings at next planned stop,3.42,False
K002,TestRig,42,2024-02-12,70.0,50.9,healthy,0.0,100.0,24.99,0.002,1.799,1.816,1.81,1.808,1.428,0.0193,2.0,0.0073,0.0073,0.95,0.035,7.47,0.544,97.3,Healthy,Phase unbalance / overload,"Check supply balance, terminal tightness and winding insulation",2.465,False
K002,TestRig,43,2024-02-13,70.0,50.9,healthy,0.0,100.0,24.99,0.002,1.801,1.819,1.809,1.809,1.474,0.016,2.0,0.013,0.013,1.0,0.0348,8.714,0.55,86.9,Healthy,Phase unbalance / overload,"Check supply balance, terminal tightness and winding insulation",4.289,True
K002,TestRig,44,2024-02-14,70.0,51.5,healthy,0.0,100.0,24.99,0.002,1.809,1.828,1.819,1.819,1.453,0.017,2.0,0.0083,0.0083,1.02,0.0356,6.622,0.5032,98.2,Healthy,Phase unbalance / overload,"Check supply balance, terminal tightness and winding insulation",2.313,False
K002,TestRig,45,2024-02-15,70.0,51.5,healthy,0.0,100.0,24.99,0.002,1.81,1.827,1.82,1.819,1.435,0.0148,2.0,0.0028,0.0055,0.95,0.0347,8.269,0.542,97.6,Healthy,Phase unbalance / overload,"Check supply balance, terminal tightness and winding insulation",2.412,False
K002,TestRig,46,2024-02-16,70.0,51.5,healthy,0.0,100.0,24.99,0.002,1.808,1.826,1.818,1.817,1.439,0.0173,2.0,0.007,0.007,1.02,0.036,5.743,0.5322,99.4,Healthy,Phase unbalance / overload,"Check supply balance, terminal tightness and winding insulation",2.121,False
K002,TestRig,47,2024-02-17,70.0,51.5,healthy,0.0,100.0,24.99,0.002,1.808,1.826,1.819,1.818,1.441,0.0173,2.0,0.0043,0.0043,0.98,0.0332,6.83,0.5566,95.5,Healthy,Phase unbalance / overload,"Check supply balance, terminal tightness and winding insulation",2.778,False
K002,TestRig,48,2024-02-18,70.0,51.1,healthy,0.0,100.0,25.0,0.002,1.794,1.811,1.808,1.804,1.462,0.0167,2.0,0.0046,0.0055,0.93,0.0362,6.787,0.5854,84.6,Healthy,Bearing defect frequencies,Replace DE/NDE bearings at next planned stop,4.722,False
K002,TestRig,49,2024-02-19,70.0,51.1,healthy,0.0,100.0,25.0,0.002,1.803,1.815,1.814,1.811,1.463,0.0174,2.0,0.0038,0.005,0.69,0.0352,7.076,0.5798,87.2,Healthy,Bearing defect frequencies,Replace DE/NDE bearings at next planned stop,4.247,False
K002,TestRig,50,2024-02-20,70.0,51.1,healthy,0.0,100.0,25.0,0.002,1.798,1.814,1.809,1.807,1.451,0.0187,2.0,0.0082,0.0082,0.87,0.035,6.059,0.5692,92.7,Healthy,Bearing defect frequencies,Replace DE/NDE bearings at next planned stop,3.252,False
K002,TestRig,51,2024-02-21,70.0,51.1,healthy,0.0,100.0,25.0,0.002,1.798,1.813,1.809,1.807,1.441,0.0178,2.0,0.0044,0.0046,0.85,0.0369,9.29,0.5374,95.1,Healthy,Bearing defect frequencies,Replace DE/NDE bearings at next planned stop,2.844,False
K002,TestRig,52,2024-02-22,70.0,51.1,healthy,0.0,100.0,24.99,0.002,1.803,1.816,1.807,1.809,1.461,0.0159,2.0,0.0054,0.0054,0.76,0.0364,7.086,0.5798,88.2,Healthy,Bearing defect frequencies,Replace DE/NDE bearings at next planned stop,4.055,False
K002,TestRig,53,2024-02-23,70.0,51.1,healthy,0.0,100.0,24.99,0.002,1.805,1.817,1.809,1.81,1.449,0.0163,2.0,0.0068,0.0068,0.69,0.0374,7.791,0.5675,94.6,Healthy,Bearing defect frequencies,Replace DE/NDE bearings at next planned stop,2.918,False
K002,TestRig,54,2024-02-24,70.0,51.1,healthy,0.0,100.0,24.99,0.002,1.804,1.814,1.809,1.809,1.452,0.0136,2.0,0.0038,0.0043,0.56,0.0352,7.731,0.5818,92.6,Healthy,Bearing defect frequencies,Replace DE/NDE bearings at next planned stop,3.273,False
K002,TestRig,55,2024-02-25,70.0,51.1,healthy,0.0,100.0,24.99,0.002,1.807,1.818,1.812,1.813,1.469,0.0151,2.0,0.008,0.008,0.59,0.0369,8.148,0.5509,95.3,Healthy,Phase unbalance / overload,"Check supply balance, terminal tightness and winding insulation",2.807,False
K002,TestRig,56,2024-02-26,70.0,51.4,healthy,0.0,100.0,24.99,0.002,1.814,1.826,1.817,1.819,1.455,0.008,2.0,0.0154,0.0154,0.69,0.0351,9.281,0.5546,93.0,Healthy,Bearing defect frequencies,Replace DE/NDE bearings at next planned stop,3.199,True
K002,TestRig,57,2024-02-27,70.0,51.4,healthy,0.0,100.0,24.99,0.002,1.817,1.833,1.824,1.825,1.451,0.016,2.0,0.0106,0.0106,0.85,0.0358,6.29,0.5503,100.0,Healthy,Phase unbalance / overload,"Check supply balance, terminal tightness and winding insulation",2.026,False
K002,TestRig,58,2024-02-28,70.0,51.4,healthy,0.0,100.0,24.99,0.002,1.82,1.838,1.827,1.828,1.446,0.0125,2.0,0.0106,0.0106,0.95,0.0349,6.782,0.5436,100.0,Healthy,Phase unbalance / overload,"Check supply balance, terminal tightness and winding insulation",1.81,False
K002,TestRig,59,2024-02-29,70.0,51.4,healthy,0.0,100.0,24.99,0.002,1.816,1.828,1.82,1.821,1.453,0.0132,2.0,0.0062,0.0062,0.68,0.0353,7.657,0.5481,100.0,Healthy,Phase unbalance / overload,"Check supply balance, terminal tightness and winding insulation",1.76,False
K002,TestRig,60,2024-03-01,70.0,51.4,healthy,0.0,100.0,25.0,0.002,1.807,1.824,1.813,1.815,1.431,0.0178,2.0,0.0076,0.0076,0.92,0.0355,7.375,0.5402,98.5,Healthy,Phase unbalance / overload,"Check supply balance, terminal tightness and winding insulation",2.275,False
K002,TestRig,61,2024-03-02,70.0,51.4,healthy,0.0,100.0,25.0,0.002,1.807,1.824,1.814,1.815,1.445,0.0151,2.0,0.0116,0.0116,0.91,0.0352,10.848,0.527,91.4,Healthy,Bearing defect frequencies,Replace DE/NDE bearings at next planned stop,3.475,False
K002,TestRig,62,2024-03-03,70.0,51.4,healthy,0.0,100.0,25.0,0.002,1.809,1.824,1.814,1.816,1.434,0.0173,2.0,0.0062,0.0062,0.86,0.0337,7.267,0.5629,93.9,Healthy,Bearing defect frequencies,Replace DE/NDE bearings at next planned stop,3.045,False
K002,TestRig,63,2024-03-04,70.0,51.4,healthy,0.0,100.0,25.0,0.002,1.806,1.82,1.811,1.812,1.447,0.0173,2.0,0.0077,0.0077,0.79,0.0343,7.831,0.5643,93.3,Healthy,Bearing defect frequencies,Replace DE/NDE bearings at next planned stop,3.152,False
K002,TestRig,64,2024-03-05,70.0,51.3,healthy,0.0,100.0,25.0,0.002,1.817,1.828,1.822,1.822,1.431,0.0172,2.0,0.0048,0.0048,0.58,0.0353,7.354,0.5613,97.5,Healthy,Bearing defect frequencies,Replace DE/NDE bearings at next planned stop,2.441,False
K002,TestRig,65,2024-03-06,70.0,51.3,healthy,0.0,100.0,25.0,0.002,1.818,1.828,1.824,1.823,1.451,0.0175,2.0,0.0052,0.0052,0.57,0.0382,8.377,0.5905,84.2,Healthy,Bearing defect frequencies,Replace DE/NDE bearings at next planned stop,4.798,False
K002,TestRig,66,2024-03-07,70.0,51.3,healthy,0.0,100.0,25.0,0.002,1.815,1.825,1.823,1.821,1.437,0.0179,2.0,0.0086,0.0086,0.59,0.0363,10.023,0.5571,91.2,Healthy,Bearing defect frequencies,Replace DE/NDE bearings at next planned stop,3.52,False
K002,TestRig,67,2024-03-08,70.0,51.3,healthy,0.0,100.0,25.0,0.002,1.805,1.82,1.817,1.814,1.442,0.0163,2.0,0.0077,0.0077,0.83,0.0351,6.012,0.5866,88.9,Healthy,Bearing defect frequencies,Replace DE/NDE bearings at next planned stop,3.929,False
K002,TestRig,68,2024-03-09,70.0,51.1,healthy,0.0,100.0,25.0,0.002,1.809,1.827,1.82,1.819,1.444,0.0109,2.0,0.0139,0.0139,1.01,0.0353,9.11,0.5265,94.8,Healthy,Phase unbalance / overload,"Check supply balance, terminal tightness and winding insulation",2.894,True
K002,TestRig,69,2024-03-10,70.0,51.1,healthy,0.0,100.0,25.0,0.002,1.806,1.818,1.809,1.811,1.448,0.0089,2.0,0.0022,0.0087,0.63,0.0354,6.753,0.5512,100.0,Healthy,Phase unbalance / overload,"Check supply balance, terminal tightness and winding insulation",1.034,False
K002,TestRig,70,2024-03-11,70.0,51.1,healthy,0.0,100.0,25.0,0.002,1.813,1.829,1.818,1.82,1.451,0.0131,2.0,0.0019,0.0075,0.91,0.0357,11.736,0.575,79.8,Watch,Bearing defect frequencies,Replace DE/NDE bearings at next planned stop,5.674,False
K002,TestRig,71,2024-03-12,70.0,51.1,healthy,0.0,100.0,25.0,0.002,1.807,1.819,1.813,1.813,1.447,0.0037,2.0,0.0169,0.0169,0.66,0.0359,7.519,0.5972,84.8,Healthy,Bearing defect frequencies,Replace DE/NDE bearings at next planned stop,4.689,False
K002,TestRig,72,2024-03-13,70.0,51.1,healthy,0.0,100.0,24.99,0.002,1.819,1.83,1.823,1.824,1.438,0.0089,2.0,0.0113,0.0131,0.63,0.0331,8.598,0.5813,88.8,Healthy,Bearing defect frequencies,Replace DE/NDE bearings at next planned stop,3.955,False
K002,TestRig,73,2024-03-14,70.0,51.1,healthy,0.0,100.0,24.99,0.002,1.814,1.827,1.821,1.82,1.447,0.0066,2.0,0.0138,0.0138,0.71,0.0347,6.879,0.5847,91.2,Healthy,Bearing defect frequencies,Replace DE/NDE bearings at next planned stop,3.512,False
K002,TestRig,74,2024-03-15,70.0,51.1,healthy,0.0,100.0,24.99,0.002,1.812,1.821,1.819,1.817,1.456,0.01,2.0,0.01,0.0105,0.5,0.0375,6.4,0.5559,100.0,Healthy,Bearing defect frequencies,Replace DE/NDE bearings at next planned stop,1.422,False
K002,TestRig,75,2024-03-16,70.0,51.1,healthy,0.0,100.0,24.99,0.002,1.813,1.825,1.823,1.82,1.444,0.0174,2.0,0.0073,0.0073,0.67,0.0356,7.406,0.5406,100.0,Healthy,Phase unbalance / overload,"Check supply balance, terminal tightness and winding insulation",1.749,False
K002,TestRig,76,2024-03-17,70.0,51.0,healthy,0.0,100.0,24.99,0.002,1.806,1.818,1.817,1.814,1.458,0.0185,2.0,0.0078,0.0078,0.66,0.0361,7.08,0.5333,99.7,Healthy,Phase unbalance / overload,"Check supply balance, terminal tightness and winding insulation",2.082,False
K002,TestRig,77,2024-03-18,70.0,51.0,healthy,0.0,100.0,24.99,0.002,1.807,1.82,1.818,1.815,1.457,0.0179,2.0,0.0059,0.0059,0.7,0.0356,6.776,0.5541,97.8,Healthy,Phase unbalance / overload,"Check supply balance, terminal tightness and winding insulation",2.392,False
K002,TestRig,78,2024-03-19,70.0,51.0,healthy,0.0,100.0,24.99,0.002,1.806,1.822,1.819,1.816,1.439,0.0187,2.0,0.0058,0.0058,0.87,0.036,5.835,0.5671,92.9,Healthy,Bearing defect frequencies,Replace DE/NDE bearings at next planned stop,3.216,False
K002,TestRig,79,2024-03-20,70.0,51.0,healthy,0.0,100.0,24.99,0.002,1.808,1.824,1.819,1.817,1.451,0.0185,2.0,0.0063,0.0063,0.91,0.0359,7.798,0.5346,96.1,Healthy,Phase unbalance / overload,"Check supply balance, terminal tightness and winding insulation",2.663,False
KI04,TestRig,0,2024-01-01,70.0,45.1,bearing,1.0,100.0,24.99,0.002,1.782,1.799,1.793,1.791,1.45,0.0174,2.0,0.0047,0.0057,0.96,0.0575,4.871,0.7084,55.3,Alert,Bearing defect frequencies,Replace DE/NDE bearings at next planned stop,11.616,False
KI04,TestRig,1,2024-01-02,70.0,45.1,bearing,1.0,100.0,24.99,0.002,1.784,1.801,1.794,1.793,1.445,0.019,2.0,0.0064,0.0064,0.98,0.0582,5.117,0.7047,55.1,Alert,Bearing defect frequencies,Replace DE/NDE bearings at next planned stop,11.662,False
KI04,TestRig,2,2024-01-03,70.0,45.1,bearing,1.0,100.0,24.99,0.002,1.783,1.799,1.79,1.791,1.446,0.0178,2.0,0.0069,0.0069,0.92,0.0578,4.925,0.6963,58.0,Alert,Bearing defect frequencies,Replace DE/NDE bearings at next planned stop,10.833,False
KI04,TestRig,3,2024-01-04,70.0,45.1,bearing,1.0,100.0,24.99,0.002,1.784,1.796,1.789,1.79,1.453,0.0168,2.0,0.0072,0.0072,0.68,0.0572,6.189,0.6811,63.4,Watch,Bearing defect frequencies,Replace DE/NDE bearings at next planned stop,9.386,False
KI04,TestRig,4,2024-01-05,70.0,45.9,bearing,1.0,100.0,24.99,0.002,1.782,1.794,1.788,1.788,1.447,0.0109,2.0,0.0127,0.0127,0.71,0.0605,5.253,0.7062,59.1,Alert,Bearing defect frequencies,Replace DE/NDE bearings at next planned stop,10.533,False
KI04,TestRig,5,2024-01-06,70.0,45.9,bearing,1.0,100.0,24.99,0.002,1.784,1.798,1.79,1.791,1.452,0.0165,2.0,0.0084,0.0084,0.76,0.0576,5.122,0.7084,56.9,Alert,Bearing defect frequencies,Replace DE/NDE bearings at next planned stop,11.14,False
KI04,TestRig,6,2024-01-07,70.0,45.9,bearing,1.0,100.0,24.99,0.002,1.784,1.796,1.789,1.789,1.451,0.0157,2.0,0.0094,0.0094,0.69,0.0563,6.094,0.7183,56.1,Alert,Bearing defect frequencies,Replace DE/NDE bearings at next planned stop,11.364,False
KI04,TestRig,7,2024-01-08,70.0,45.9,bearing,1.0,100.0,24.99,0.002,1.785,1.801,1.792,1.793,1.45,0.016,2.0,0.009,0.009,0.9,0.0578,5.214,0.7104,56.0,Alert,Bearing defect frequencies,Replace DE/NDE bearings at next planned stop,11.412,False
KI04,TestRig,8,2024-01-09,70.0,46.0,bearing,1.0,100.0,24.99,0.002,1.784,1.794,1.792,1.79,1.445,0.0164,2.0,0.0064,0.0064,0.6,0.0586,5.753,0.7037,59.7,Alert,Bearing defect frequencies,Replace DE/NDE bearings at next planned stop,10.372,False
KI04,TestRig,9,2024-01-10,70.0,46.0,bearing,1.0,100.0,24.99,0.002,1.784,1.794,1.793,1.79,1.442,0.017,2.0,0.0087,0.0087,0.6,0.0572,6.134,0.7168,56.7,Alert,Bearing defect frequencies,Replace DE/NDE bearings at next planned stop,11.199,False
KI04,TestRig,10,2024-01-11,70.0,46.0,bearing,1.0,100.0,24.99,0.002,1.784,1.794,1.793,1.79,1.447,0.0159,2.0,0.0085,0.0085,0.56,0.059,5.16,0.7025,60.5,Watch,Bearing defect frequencies,Replace DE/NDE bearings at next planned stop,10.15,False
KI04,TestRig,11,2024-01-12,70.0,46.0,bearing,1.0,100.0,24.99,0.002,1.786,1.796,1.796,1.793,1.448,0.0138,2.0,0.0103,0.0103,0.55,0.0572,5.361,0.7195,57.9,Alert,Bearing defect frequencies,Replace DE/NDE bearings at next planned stop,10.851,False
KI04,TestRig,12,2024-01-13,70.0,46.1,bearing,1.0,100.0,24.99,0.002,1.78,1.791,1.79,1.787,1.473,0.019,2.0,0.0055,0.0055,0.64,0.058,5.673,0.7101,52.3,Alert,Bearing defect frequencies,Replace DE/NDE bearings at next planned stop,12.488,False
KI04,TestRig,13,2024-01-14,70.0,46.1,bearing,1.0,100.0,24.99,0.002,1.783,1.793,1.792,1.789,1.474,0.0183,2.0,0.0043,0.0043,0.58,0.0603,5.516,0.7062,53.5,Alert,Bearing defect frequencies,Replace DE/NDE bearings at next planned stop,12.151,False
KI04,TestRig,14,2024-01-15,70.0,46.1,bearing,1.0,100.0,24.99,0.002,1.78,1.792,1.791,1.788,1.475,0.0161,2.0,0.0039,0.0064,0.69,0.0585,5.107,0.702,54.5,Alert,Bearing defect frequencies,Replace DE/NDE bearings at next planned stop,11.834,False
KI04,TestRig,15,2024-01-16,70.0,46.1,bearing,1.0,100.0,24.99,0.002,1.784,1.793,1.792,1.789,1.471,0.0167,2.0,0.0105,0.0105,0.51,0.0575,5.552,0.7017,56.6,Alert,Bearing defect frequencies,Replace DE/NDE bearings at next planned stop,11.228,False
KI04,TestRig,16,2024-01-17,70.0,46.1,bearing,1.0,100.0,24.99,0.002,1.769,1.786,1.778,1.778,1.465,0.0165,2.0,0.0066,0.0066,0.94,0.058,5.392,0.7192,50.9,Alert,Bearing defect frequencies,Replace DE/NDE bearings at next planned stop,12.942,False
KI04,TestRig,17,2024-01-18,70.0,46.1,bearing,1.0,100.0,24.99,0.002,1.769,1.787,1.779,1.778,1.463,0.0168,2.0,0.0065,0.0065,0.99,0.0584,5.368,0.7169,51.1,Alert,Bearing defect frequencies,Replace DE/NDE bearings at next planned stop,12.864,False
KI04,TestRig,18,2024-01-19,70.0,46.1,bearing,1.0,100.0,24.99,0.002,1.77,1.788,1.781,1.78,1.463,0.0115,2.0,0.0075,0.0094,1.05,0.0572,5.108,0.7125,52.9,Alert,Bearing defect frequencies,Replace DE/NDE bearings at next planned stop,12.326,False
KI04,TestRig,19,2024-01-20,70.0,46.1,bearing,1.0,100.0,24.99,0.002,1.775,1.79,1.784,1.783,1.475,0.0153,2.0,0.0089,0.0089,0.87,0.058,4.631,0.7122,51.5,Alert,Bearing defect frequencies,Replace DE/NDE bearings at next planned stop,12.739,False
KI04,TestRig,20,2024-01-21,70.0,46.1,bearing,1.0,100.0,24.99,0.002,1.772,1.785,1.776,1.778,1.468,0.0149,2.0,0.0088,0.0088,0.71,0.0581,4.876,0.727,51.3,Alert,Bearing defect frequencies,Replace DE/NDE bearings at next planned stop,12.826,False
KI04,TestRig,21,2024-01-22,70.0,46.1,bearing,1.0,100.0,24.99,0.002,1.771,1.782,1.775,1.776,1.466,0.016,2.0,0.0069,0.0069,0.63,0.0592,4.873,0.7178,53.4,Alert,Bearing defect frequencies,Replace DE/NDE bearings at next planned stop,12.167,False
KI04,TestRig,22,2024-01-23,70.0,46.1,bearing,1.0,100.0,24.99,0.002,1.775,1.788,1.78,1.781,1.461,0.0156,2.0,0.0066,0.0066,0.75,0.0591,5.289,0.7461,48.2,Alert,Bearing defect frequencies,Replace DE/NDE bearings at next planned stop,13.822,False
KI04,TestRig,23,2024-01-24,70.0,46.1,bearing,1.0,100.0,24.99,0.002,1.774,1.787,1.779,1.78,1.48,0.0148,2.0,0.0088,0.0088,0.71,0.0592,5.092,0.7305,48.5,Alert,Bearing defect frequencies,Replace DE/NDE bearings at next planned stop,13.724,False
KI04,TestRig,24,2024-01-25,70.0,46.2,bearing,1.0,100.0,24.99,0.002,1.776,1.79,1.781,1.782,1.45,0.0166,2.0,0.0054,0.0054,0.76,0.06,5.516,0.6988,59.0,Alert,Bearing defect frequencies,Replace DE/NDE bearings at next planned stop,10.548,False
KI04,TestRig,25,2024-01-26,70.0,46.2,bearing,1.0,100.0,24.99,0.002,1.773,1.785,1.778,1.779,1.454,0.0164,2.0,0.0047,0.0047,0.63,0.0587,6.571,0.6979,59.8,Alert,Bearing defect frequencies,Replace DE/NDE bearings at next planned stop,10.339,False
KI04,TestRig,26,2024-01-27,70.0,46.2,bearing,1.0,100.0,24.99,0.002,1.77,1.78,1.774,1.774,1.448,0.015,2.0,0.0038,0.0053,0.55,0.0602,5.048,0.6889,64.1,Watch,Bearing defect frequencies,Replace DE/NDE bearings at next planned stop,9.22,False
KI04,TestRig,27,2024-01-28,70.0,46.2,bearing,1.0,100.0,24.99,0.002,1.773,1.783,1.777,1.778,1.448,0.0137,2.0,0.0111,0.0111,0.55,0.0615,6.469,0.722,56.9,Alert,Bearing defect frequencies,Replace DE/NDE bearings at next planned stop,11.154,False
KI04,TestRig,28,2024-01-29,70.0,46.3,bearing,1.0,100.0,24.99,0.002,1.777,1.788,1.781,1.782,1.456,0.0162,2.0,0.0076,0.0076,0.63,0.0606,5.528,0.6884,61.4,Watch,Bearing defect frequencies,Replace DE/NDE bearings at next planned stop,9.913,False
KI04,TestRig,29,2024-01-30,70.0,46.3,bearing,1.0,100.0,24.99,0.002,1.778,1.788,1.783,1.783,1.449,0.0132,2.0,0.0036,0.0074,0.59,0.0608,5.185,0.7017,61.1,Watch,Bearing defect frequencies,Replace DE/NDE bearings at next planned stop,9.993,False
KI04,TestRig,30,2024-01-31,70.0,46.3,bearing,1.0,100.0,24.99,0.002,1.781,1.79,1.785,1.785,1.451,0.0163,2.0,0.0055,0.0055,0.51,0.062,5.17,0.7066,59.1,Alert,Bearing defect frequencies,Replace DE/NDE bearings at next planned stop,10.525,False
KI04,TestRig,31,2024-02-01,70.0,46.3,bearing,1.0,100.0,24.99,0.002,1.78,1.788,1.785,1.785,1.447,0.0162,2.0,0.0047,0.0047,0.46,0.0606,4.763,0.7208,56.8,Alert,Bearing defect frequencies,Replace DE/NDE bearings at next planned stop,11.159,False
KI04,TestRig,32,2024-02-02,70.0,46.2,bearing,1.0,101.0,25.0,0.002,1.772,1.789,1.786,1.782,1.452,0.0068,2.0,0.0315,0.0397,0.92,0.064,5.082,0.7284,43.2,Alert,Bearing defect frequencies,Replace DE/NDE bearings at next planned stop,15.593,True
KI04,TestRig,33,2024-02-03,70.0,46.2,bearing,1.0,101.0,25.0,0.002,1.771,1.788,1.786,1.781,1.458,0.004,2.0,0.0221,0.0343,0.94,0.065,4.626,0.6888,52.1,Alert,Bearing defect frequencies,Replace DE/NDE bearings at next planned stop,12.56,True
KI04,TestRig,34,2024-02-04,70.0,46.2,bearing,1.0,101.0,25.0,0.002,1.769,1.785,1.78,1.778,1.456,0.0069,2.0,0.038,0.0511,0.93,0.0641,4.601,0.6928,45.1,Alert,Bearing defect frequencies,Replace DE/NDE bearings at next planned stop,14.907,True
KI04,TestRig,35,2024-02-05,70.0,46.2,bearing,1.0,101.0,25.0,0.002,1.771,1.787,1.784,1.781,1.457,0.0045,2.0,0.0331,0.0389,0.91,0.0645,4.212,0.6667,53.3,Alert,Bearing defect frequencies,Replace DE/NDE bearings at next planned stop,12.196,True
KI04,TestRig,36,2024-02-06,70.0,46.4,bearing,1.0,100.0,24.99,0.002,1.774,1.791,1.783,1.783,1.461,0.0162,2.0,0.0073,0.0073,0.92,0.0639,5.026,0.7046,54.1,Alert,Bearing defect frequencies,Replace DE/NDE bearings at next planned stop,11.958,False
KI04,TestRig,37,2024-02-07,70.0,46.4,bearing,1.0,100.0,24.99,0.002,1.774,1.789,1.782,1.782,1.469,0.0125,2.0,0.0107,0.0107,0.86,0.0646,6.428,0.6742,60.5,Watch,Bearing defect frequencies,Replace DE/NDE bearings at next planned stop,10.16,False
KI04,TestRig,38,2024-02-08,70.0,46.4,bearing,1.0,100.0,24.99,0.002,1.775,1.791,1.783,1.783,1.456,0.0167,2.0,0.0074,0.0074,0.89,0.0641,5.493,0.7168,52.5,Alert,Bearing defect frequencies,Replace DE/NDE bearings at next planned stop,12.428,False
KI04,TestRig,39,2024-02-09,70.0,46.4,bearing,1.0,100.0,24.99,0.002,1.774,1.788,1.78,1.781,1.462,0.0152,2.0,0.0085,0.0085,0.76,0.065,5.063,0.7218,52.0,Alert,Bearing defect frequencies,Replace DE/NDE bearings at next planned stop,12.582,False
KI04,TestRig,40,2024-02-10,70.0,46.4,bearing,1.0,100.0,25.0,0.002,1.776,1.785,1.783,1.781,1.473,0.0178,2.0,0.0082,0.0082,0.51,0.0642,5.084,0.6881,57.7,Alert,Bearing defect frequencies,Replace DE/NDE bearings at next planned stop,10.906,False
KI04,TestRig,41,2024-02-11,70.0,46.4,bearing,1.0,100.0,25.0,0.002,1.774,1.781,1.782,1.779,1.473,0.0181,2.0,0.0066,0.0066,0.44,0.0621,5.638,0.6825,59.4,Alert,Bearing defect frequencies,Replace DE/NDE bearings at next planned stop,10.453,False
KI04,TestRig,42,2024-02-12,70.0,46.4,bearing,1.0,100.0,25.0,0.002,1.772,1.781,1.78,1.778,1.471,0.0187,2.0,0.0073,0.0073,0.5,0.0634,4.512,0.6963,56.1,Alert,Bearing defect frequencies,Replace DE/NDE bearings at next planned stop,11.367,False
KI04,TestRig,43,2024-02-13,70.0,46.4,bearing,1.0,100.0,25.0,0.002,1.773,1.78,1.78,1.778,1.471,0.016,2.0,0.0078,0.0078,0.38,0.0643,5.493,0.6825,60.6,Watch,Bearing defect frequencies,Replace DE/NDE bearings at next planned stop,10.126,False
KI04,TestRig,44,2024-02-14,70.0,45.2,bearing,1.0,100.0,24.99,0.002,1.785,1.801,1.792,1.793,1.443,0.0171,2.0,0.0083,0.0083,0.87,0.0578,5.29,0.6947,59.1,Alert,Bearing defect frequencies,Replace DE/NDE bearings at next planned stop,10.522,False
KI04,TestRig,45,2024-02-15,70.0,45.2,bearing,1.0,100.0,24.99,0.002,1.784,1.796,1.788,1.789,1.448,0.0163,2.0,0.0059,0.0059,0.7,0.0565,5.767,0.6904,62.2,Watch,Bearing defect frequencies,Replace DE/NDE bearings at next planned stop,9.71,False
KI04,TestRig,46,2024-02-16,70.0,45.2,bearing,1.0,100.0,24.99,0.002,1.785,1.797,1.789,1.791,1.452,0.0158,2.0,0.0048,0.0048,0.66,0.0629,5.165,0.7018,58.8,Alert,Bearing defect frequencies,Replace DE/NDE bearings at next planned stop,10.598,False
KI04,TestRig,47,2024-02-17,70.0,45.2,bearing,1.0,100.0,24.99,0.002,1.786,1.798,1.791,1.792,1.45,0.0162,2.0,0.0056,0.0056,0.67,0.0629,5.432,0.6857,62.6,Watch,Bearing defect frequencies,Replace DE/NDE bearings at next planned stop,9.593,False
KI04,TestRig,48,2024-02-18,70.0,46.5,bearing,1.0,100.0,24.99,0.002,1.77,1.778,1.775,1.774,1.47,0.0157,2.0,0.0061,0.0061,0.46,0.0633,5.596,0.7035,56.5,Alert,Bearing defect frequencies,Replace DE/NDE bearings at next planned stop,11.264,False
KI04,TestRig,49,2024-02-19,70.0,46.5,bearing,1.0,100.0,24.99,0.002,1.773,1.782,1.776,1.777,1.468,0.0149,2.0,0.0098,0.0098,0.46,0.064,5.617,0.7169,54.4,Alert,Bearing defect frequencies,Replace DE/NDE bearings at next planned stop,11.878,False
KI04,TestRig,50,2024-02-20,70.0,46.5,bearing,1.0,100.0,24.99,0.002,1.77,1.778,1.774,1.774,1.477,0.0157,2.0,0.0076,0.0076,0.49,0.0639,4.856,0.6946,56.8,Alert,Bearing defect frequencies,Replace DE/NDE bearings at next planned stop,11.169,False
KI04,TestRig,51,2024-02-21,70.0,46.5,bearing,1.0,100.0,24.99,0.002,1.773,1.784,1.778,1.778,1.46,0.0157,2.0,0.008,0.008,0.6,0.0644,6.083,0.7054,56.8,Alert,Bearing defect frequencies,Replace DE/NDE bearings at next planned stop,11.158,False
KI04,TestRig,52,2024-02-22,70.0,45.3,bearing,1.0,100.0,24.99,0.002,1.781,1.797,1.791,1.79,1.452,0.017,2.0,0.0039,0.0064,0.89,0.0658,4.839,0.701,56.2,Alert,Bearing defect frequencies,Replace DE/NDE bearings at next planned stop,11.353,False
KI04,TestRig,53,2024-02-23,70.0,45.3,bearing,1.0,100.0,24.99,0.002,1.784,1.801,1.796,1.794,1.453,0.0176,2.0,0.0059,0.0062,0.95,0.0651,6.624,0.6992,55.6,Alert,Bearing defect frequencies,Replace DE/NDE bearings at next planned stop,11.504,False
KI04,TestRig,54,2024-02-24,70.0,45.3,bearing,1.0,100.0,24.99,0.002,1.782,1.799,1.794,1.792,1.447,0.0191,2.0,0.0097,0.0097,0.96,0.0633,6.039,0.6724,61.6,Watch,Bearing defect frequencies,Replace DE/NDE bearings at next planned stop,9.855,False
KI04,TestRig,55,2024-02-25,70.0,45.3,bearing,1.0,100.0,24.99,0.002,1.778,1.795,1.787,1.787,1.449,0.0174,2.0,0.0056,0.0056,0.97,0.0595,4.826,0.6823,60.7,Watch,Bearing defect frequencies,Replace DE/NDE bearings at next planned stop,10.105,False
KI04,TestRig,56,2024-02-26,70.0,45.4,bearing,1.0,100.0,24.99,0.002,1.78,1.791,1.789,1.787,1.478,0.0046,2.0,0.0211,0.0231,0.58,0.0581,4.779,0.702,52.0,Alert,Bearing defect frequencies,Replace DE/NDE bearings at next planned stop,12.584,True
KI04,TestRig,57,2024-02-27,70.0,45.4,bearing,1.0,100.0,24.99,0.002,1.781,1.787,1.784,1.784,1.471,0.0079,2.0,0.0292,0.0294,0.37,0.0576,4.709,0.6955,52.1,Alert,Bearing defect frequencies,Replace DE/NDE bearings at next planned stop,12.553,True
KI04,TestRig,58,2024-02-28,70.0,45.4,bearing,1.0,100.0,24.99,0.002,1.779,1.79,1.788,1.786,1.492,0.0083,2.0,0.0296,0.0296,0.62,0.0586,7.191,0.6806,49.2,Alert,Bearing defect frequencies,Replace DE/NDE bearings at next planned stop,13.492,True
KI04,TestRig,59,2024-02-29,70.0,45.4,bearing,1.0,100.0,24.99,0.002,1.783,1.789,1.788,1.787,1.489,0.0044,2.0,0.0264,0.0264,0.33,0.0587,5.698,0.716,46.4,Alert,Bearing defect frequencies,Replace DE/NDE bearings at next planned stop,14.423,True
KI04,TestRig,60,2024-03-01,70.0,45.5,bearing,1.0,100.0,25.0,0.002,1.782,1.794,1.786,1.787,1.468,0.0155,2.0,0.0087,0.0087,0.68,0.0582,5.345,0.7192,52.7,Alert,Bearing defect frequencies,Replace DE/NDE bearings at next planned stop,12.372,False
KI04,TestRig,61,2024-03-02,70.0,45.5,bearing,1.0,100.0,25.0,0.002,1.781,1.792,1.785,1.786,1.468,0.0163,2.0,0.0072,0.0072,0.6,0.0593,4.82,0.695,57.8,Alert,Bearing defect frequencies,Replace DE/NDE bearings at next planned stop,10.873,False
KI04,TestRig,62,2024-03-03,70.0,45.5,bearing,1.0,100.0,25.0,0.002,1.783,1.796,1.788,1.789,1.479,0.0163,2.0,0.0069,0.0069,0.72,0.0576,5.223,0.7254,49.1,Alert,Bearing defect frequencies,Replace DE/NDE bearings at next planned stop,13.537,False
KI04,TestRig,63,2024-03-04,70.0,45.5,bearing,1.0,100.0,25.0,0.002,1.78,1.792,1.784,1.786,1.472,0.0152,2.0,0.0091,0.0091,0.67,0.0568,4.757,0.7068,54.9,Alert,Bearing defect frequencies,Replace DE/NDE bearings at next planned stop,11.727,False
KI04,TestRig,64,2024-03-05,70.0,45.6,bearing,1.0,100.0,24.99,0.002,1.783,1.799,1.791,1.791,1.47,0.0086,2.0,0.0114,0.0114,0.9,0.0572,4.629,0.7075,53.7,Alert,Bearing defect frequencies,Replace DE/NDE bearings at next planned stop,12.062,True
KI04,TestRig,65,2024-03-06,70.0,45.6,bearing,1.0,100.0,24.99,0.002,1.783,1.801,1.795,1.793,1.461,0.0159,2.0,0.0075,0.0075,1.01,0.0576,5.663,0.7194,51.4,Alert,Bearing defect frequencies,Replace DE/NDE bearings at next planned stop,12.797,False
KI04,TestRig,66,2024-03-07,70.0,45.6,bearing,1.0,100.0,24.99,0.002,1.783,1.801,1.792,1.792,1.459,0.0135,2.0,0.0098,0.0098,1.01,0.0573,5.172,0.7007,56.3,Alert,Bearing defect frequencies,Replace DE/NDE bearings at next planned stop,11.302,False
KI04,TestRig,67,2024-03-08,70.0,45.6,bearing,1.0,100.0,24.99,0.002,1.781,1.798,1.79,1.79,1.463,0.0148,2.0,0.0076,0.0076,0.93,0.0576,5.413,0.7095,54.1,Alert,Bearing defect frequencies,Replace DE/NDE bearings at next planned stop,11.968,False
KI04,TestRig,68,2024-03-09,70.0,45.7,bearing,1.0,100.0,24.99,0.002,1.77,1.783,1.775,1.776,1.47,0.0164,2.0,0.0082,0.0082,0.78,0.0585,5.068,0.7227,50.5,Alert,Bearing defect frequencies,Replace DE/NDE bearings at next planned stop,13.062,False
KI04,TestRig,69,2024-03-10,70.0,45.7,bearing,1.0,100.0,24.99,0.002,1.772,1.787,1.777,1.779,1.466,0.0141,2.0,0.0117,0.0117,0.83,0.0575,4.914,0.7039,55.7,Alert,Bearing defect frequencies,Replace DE/NDE bearings at next planned stop,11.472,False
KI04,TestRig,70,2024-03-11,70.0,45.7,bearing,1.0,100.0,24.99,0.002,1.771,1.787,1.778,1.778,1.466,0.0166,2.0,0.007,0.007,0.92,0.0576,5.216,0.6987,54.9,Alert,Bearing defect frequencies,Replace DE/NDE bearings at next planned stop,11.709,False
KI04,TestRig,71,2024-03-12,70.0,45.7,bearing,1.0,100.0,24.99,0.002,1.771,1.787,1.777,1.778,1.47,0.0142,2.0,0.0107,0.0107,0.93,0.0588,5.241,0.7092,53.0,Alert,Bearing defect frequencies,Replace DE/NDE bearings at next planned stop,12.295,False
KI04,TestRig,72,2024-03-13,70.0,45.7,bearing,1.0,100.0,24.99,0.002,1.769,1.782,1.778,1.776,1.449,0.0046,2.0,0.0277,0.0288,0.71,0.0578,5.58,0.7009,53.6,Alert,Bearing defect frequencies,Replace DE/NDE bearings at next planned stop,12.099,True
KI04,TestRig,73,2024-03-14,70.0,45.7,bearing,1.0,100.0,24.99,0.002,1.769,1.777,1.777,1.774,1.445,0.0051,2.0,0.0282,0.0282,0.45,0.0581,5.805,0.7061,54.4,Alert,Bearing defect frequencies,Replace DE/NDE bearings at next planned stop,11.878,False
KI04,TestRig,74,2024-03-15,70.0,45.7,bearing,1.0,100.0,24.99,0.002,1.773,1.785,1.778,1.779,1.446,0.0091,2.0,0.0283,0.0283,0.65,0.0578,6.215,0.722,49.9,Alert,Bearing defect frequencies,Replace DE/NDE bearings at next planned stop,13.25,False
KI04,TestRig,75,2024-03-16,70.0,45.7,bearing,1.0,100.0,24.99,0.002,1.77,1.779,1.778,1.776,1.451,0.0073,2.0,0.0348,0.0348,0.5,0.0594,4.671,0.7137,49.4,Alert,Bearing defect frequencies,Replace DE/NDE bearings at next planned stop,13.441,True
KI04,TestRig,76,2024-03-17,70.0,45.9,bearing,1.0,100.0,24.99,0.002,1.778,1.788,1.786,1.784,1.457,0.0171,2.0,0.0058,0.0058,0.58,0.0592,5.39,0.7107,56.4,Alert,Bearing defect frequencies,Replace DE/NDE bearings at next planned stop,11.279,False
KI04,TestRig,77,2024-03-18,70.0,45.9,bearing,1.0,100.0,24.99,0.002,1.775,1.785,1.783,1.781,1.445,0.0174,2.0,0.006,0.006,0.56,0.0587,7.476,0.6873,61.7,Watch,Bearing defect frequencies,Replace DE/NDE bearings at next planned stop,9.829,False
KI04,TestRig,78,2024-03-19,70.0,45.9,bearing,1.0,100.0,24.99,0.002,1.779,1.787,1.784,1.783,1.447,0.0163,2.0,0.0087,0.0087,0.5,0.0575,4.712,0.7079,59.8,Alert,Bearing defect frequencies,Replace DE/NDE bearings at next planned stop,10.341,False
KI04,TestRig,79,2024-03-20,70.0,45.9,bearing,1.0,100.0,24.99,0.002,1.776,1.786,1.781,1.781,1.44,0.0165,2.0,0.0068,0.0068,0.56,0.0586,5.556,0.7034,60.0,Watch,Bearing defect frequencies,Replace DE/NDE bearings at next planned stop,10.275,False
KI16,TestRig,0,2024-01-01,70.0,45.3,bearing,1.0,100.0,24.99,0.002,1.745,1.753,1.751,1.749,1.457,0.0171,2.0,0.0072,0.0072,0.47,0.1287,6.838,0.6681,57.3,Alert,Bearing defect frequencies,Replace DE/NDE bearings at next planned stop,11.019,False
KI16,TestRig,1,2024-01-02,70.0,45.3,bearing,1.0,100.0,24.99,0.002,1.74,1.75,1.749,1.746,1.46,0.0167,2.0,0.0073,0.0073,0.61,0.1242,7.082,0.6448,61.1,Watch,Bearing defect frequencies,Replace DE/NDE bearings at next planned stop,9.985,False
KI16,TestRig,2,2024-01-03,70.0,45.3,bearing,1.0,100.0,24.99,0.002,1.74,1.751,1.749,1.747,1.457,0.0152,2.0,0.0108,0.0108,0.66,0.1194,7.371,0.6439,62.5,Watch,Bearing defect frequencies,Replace DE/NDE bearings at next planned stop,9.634,False
KI16,TestRig,3,2024-01-04,70.0,45.3,bearing,1.0,100.0,24.99,0.002,1.741,1.753,1.751,1.748,1.462,0.0153,2.0,0.0094,0.0094,0.71,0.1221,7.205,0.6556,58.2,Alert,Bearing defect frequencies,Replace DE/NDE bearings at next planned stop,10.767,False
KI16,TestRig,4,2024-01-05,70.0,42.9,bearing,1.0,100.0,24.99,0.002,1.736,1.746,1.744,1.742,1.462,0.0154,2.0,0.0025,0.0056,0.57,0.124,7.094,0.6716,55.9,Alert,Bearing defect frequencies,Replace DE/NDE bearings at next planned stop,11.441,False
KI16,TestRig,5,2024-01-06,70.0,42.9,bearing,1.0,100.0,24.99,0.002,1.735,1.746,1.745,1.742,1.459,0.0161,2.0,0.0067,0.0067,0.59,0.1272,6.916,0.6695,56.3,Alert,Bearing defect frequencies,Replace DE/NDE bearings at next planned stop,11.324,False
KI16,TestRig,6,2024-01-07,70.0,42.9,bearing,1.0,100.0,24.99,0.002,1.742,1.752,1.75,1.748,1.454,0.0152,2.0,0.0026,0.0055,0.55,0.1285,6.848,0.6769,56.4,Alert,Bearing defect frequencies,Replace DE/NDE bearings at next planned stop,11.292,False
KI16,TestRig,7,2024-01-08,70.0,42.9,bearing,1.0,100.0,24.99,0.002,1.741,1.75,1.749,1.747,1.462,0.0156,2.0,0.0104,0.0104,0.5,0.1318,6.676,0.6769,54.9,Alert,Bearing defect frequencies,Replace DE/NDE bearings at next planned stop,11.711,False
KI16,TestRig,8,2024-01-09,70.0,43.1,bearing,1.0,100.0,24.99,0.002,1.734,1.746,1.738,1.739,1.471,0.0157,2.0,0.0055,0.0055,0.72,0.1258,6.991,0.6924,48.9,Alert,Bearing defect frequencies,Replace DE/NDE bearings at next planned stop,13.602,False
KI16,TestRig,9,2024-01-10,70.0,43.1,bearing,1.0,100.0,24.99,0.002,1.735,1.75,1.741,1.742,1.47,0.0156,2.0,0.0041,0.0047,0.85,0.1241,7.091,0.6884,48.9,Alert,Bearing defect frequencies,Replace DE/NDE bearings at next planned stop,13.578,False
KI16,TestRig,10,2024-01-11,70.0,43.1,bearing,1.0,100.0,24.99,0.002,1.735,1.75,1.741,1.742,1.474,0.0142,2.0,0.004,0.006,0.84,0.1291,6.817,0.6979,47.1,Alert,Bearing defect frequencies,Replace DE/NDE bearings at next planned stop,14.204,False
KI16,TestRig,11,2024-01-12,70.0,43.1,bearing,1.0,100.0,24.99,0.002,1.736,1.749,1.743,1.743,1.474,0.0165,2.0,0.0093,0.0093,0.78,0.1312,6.708,0.6997,46.2,Alert,Bearing defect frequencies,Replace DE/NDE bearings at next planned stop,14.521,False
KI16,TestRig,12,2024-01-13,70.0,43.4,bearing,1.0,100.0,25.0,0.002,1.734,1.75,1.743,1.742,1.471,0.008,2.0,0.0039,0.0122,0.92,0.1251,7.033,0.6772,50.9,Alert,Bearing defect frequencies,Replace DE/NDE bearings at next planned stop,12.926,True
KI16,TestRig,13,2024-01-14,70.0,43.4,bearing,1.0,100.0,25.0,0.002,1.732,1.742,1.735,1.736,1.486,0.0102,2.0,0.0143,0.0143,0.58,0.1259,6.988,0.6843,49.2,Alert,Bearing defect frequencies,Replace DE/NDE bearings at next planned stop,13.475,True
KI16,TestRig,14,2024-01-15,70.0,43.4,bearing,1.0,100.0,25.0,0.002,1.737,1.752,1.744,1.744,1.467,0.0162,2.0,0.0106,0.0106,0.83,0.1315,6.689,0.7038,46.3,Alert,Bearing defect frequencies,Replace DE/NDE bearings at next planned stop,14.459,False
KI16,TestRig,15,2024-01-16,70.0,43.4,bearing,1.0,100.0,25.0,0.002,1.736,1.749,1.741,1.742,1.468,0.0165,2.0,0.0076,0.0076,0.73,0.1325,6.641,0.7035,46.7,Alert,Bearing defect frequencies,Replace DE/NDE bearings at next planned stop,14.319,False
KI16,TestRig,16,2024-01-17,70.0,43.3,bearing,1.0,100.0,25.0,0.002,1.743,1.75,1.747,1.747,1.495,0.0164,2.0,0.0079,0.0079,0.39,0.1306,6.737,0.6924,46.2,Alert,Bearing defect frequencies,Replace DE/NDE bearings at next planned stop,14.507,False
KI16,TestRig,17,2024-01-18,70.0,43.3,bearing,1.0,100.0,25.0,0.002,1.744,1.751,1.75,1.748,1.481,0.0153,2.0,0.0032,0.0054,0.39,0.1308,6.726,0.6926,48.9,Alert,Bearing defect frequencies,Replace DE/NDE bearings at next planned stop,13.596,False
KI16,TestRig,18,2024-01-19,70.0,43.3,bearing,1.0,100.0,25.0,0.002,1.735,1.744,1.743,1.741,1.481,0.0152,2.0,0.0135,0.0135,0.56,0.1335,6.59,0.6953,47.7,Alert,Bearing defect frequencies,Replace DE/NDE bearings at next planned stop,13.998,False
KI16,TestRig,19,2024-01-20,70.0,43.3,bearing,1.0,100.0,25.0,0.002,1.735,1.745,1.746,1.742,1.478,0.0148,2.0,0.0027,0.0099,0.61,0.1329,6.618,0.6899,49.1,Alert,Bearing defect frequencies,Replace DE/NDE bearings at next planned stop,13.535,False
KI16,TestRig,20,2024-01-21,70.0,43.2,bearing,1.0,100.0,25.0,0.002,1.746,1.754,1.751,1.75,1.48,0.0103,2.0,0.0101,0.0103,0.43,0.1301,6.763,0.6933,49.4,Alert,Bearing defect frequencies,Replace DE/NDE bearings at next planned stop,13.417,True
KI16,TestRig,21,2024-01-22,70.0,43.2,bearing,1.0,100.0,25.0,0.002,1.746,1.752,1.751,1.75,1.475,0.0161,2.0,0.0087,0.0087,0.32,0.1295,6.793,0.6824,51.5,Alert,Bearing defect frequencies,Replace DE/NDE bearings at next planned stop,12.744,False
KI16,TestRig,22,2024-01-23,70.0,43.2,bearing,1.0,100.0,25.0,0.002,1.742,1.75,1.748,1.747,1.48,0.0177,2.0,0.0067,0.0067,0.41,0.1272,6.919,0.6758,51.3,Alert,Bearing defect frequencies,Replace DE/NDE bearings at next planned stop,12.822,False
KI16,TestRig,23,2024-01-24,70.0,43.2,bearing,1.0,100.0,25.0,0.002,1.74,1.747,1.748,1.745,1.525,0.0189,2.0,0.0068,0.0068,0.46,0.1245,7.064,0.677,43.4,Alert,Bearing defect frequencies,Replace DE/NDE bearings at next planned stop,15.515,False
KI16,TestRig,24,2024-01-25,70.0,43.7,bearing,1.0,100.0,25.0,0.002,1.732,1.743,1.743,1.74,1.477,0.0192,2.0,0.0065,0.0065,0.63,0.1281,6.866,0.69,47.4,Alert,Bearing defect frequencies,Replace DE/NDE bearings at next planned stop,14.094,False
KI16,TestRig,25,2024-01-26,70.0,43.7,bearing,1.0,100.0,25.0,0.002,1.732,1.743,1.743,1.739,1.473,0.0188,2.0,0.0056,0.0056,0.66,0.1338,6.575,0.7032,45.5,Alert,Bearing defect frequencies,Replace DE/NDE bearings at next planned stop,14.769,False
KI16,TestRig,26,2024-01-27,70.0,43.7,bearing,1.0,100.0,25.0,0.002,1.736,1.745,1.745,1.742,1.485,0.0164,2.0,0.011,0.011,0.53,0.1331,6.61,0.6942,47.0,Alert,Bearing defect frequencies,Replace DE/NDE bearings at next planned stop,14.224,False
KI16,TestRig,27,2024-01-28,70.0,43.7,bearing,1.0,100.0,25.0,0.002,1.737,1.746,1.747,1.743,1.481,0.0194,2.0,0.0065,0.0065,0.55,0.1325,6.641,0.6836,48.2,Alert,Bearing defect frequencies,Replace DE/NDE bearings at next planned stop,13.821,False
KI16,TestRig,28,2024-01-29,70.0,43.7,bearing,1.0,100.0,24.99,0.002,1.737,1.751,1.745,1.744,1.458,0.0175,2.0,0.0074,0.0074,0.84,0.1287,6.835,0.6767,52.3,Alert,Bearing defect frequencies,Replace DE/NDE bearings at next planned stop,12.496,False
KI16,TestRig,29,2024-01-30,70.0,43.7,bearing,1.0,100.0,24.99,0.002,1.737,1.752,1.744,1.744,1.45,0.0185,2.0,0.0079,0.0079,0.9,0.1323,6.649,0.6916,49.9,Alert,Bearing defect frequencies,Replace DE/NDE bearings at next planned stop,13.277,False
KI16,TestRig,30,2024-01-31,70.0,43.7,bearing,1.0,100.0,24.99,0.002,1.741,1.757,1.75,1.749,1.45,0.018,2.0,0.0095,0.0095,0.9,0.1293,6.806,0.6754,53.3,Alert,Bearing defect frequencies,Replace DE/NDE bearings at next planned stop,12.193,False
KI16,TestRig,31,2024-02-01,70.0,43.7,bearing,1.0,100.0,24.99,0.002,1.74,1.755,1.749,1.748,1.475,0.0192,2.0,0.007,0.007,0.87,0.1298,6.78,0.686,46.7,Alert,Bearing defect frequencies,Replace DE/NDE bearings at next planned stop,14.317,False
KI16,TestRig,32,2024-02-02,70.0,43.7,bearing,1.0,100.0,25.0,0.002,1.741,1.756,1.749,1.749,1.456,0.0164,2.0,0.0124,0.0124,0.86,0.1382,6.367,0.717,45.0,Alert,Bearing defect frequencies,Replace DE/NDE bearings at next planned stop,14.949,False
KI16,TestRig,33,2024-02-03,70.0,43.7,bearing,1.0,100.0,25.0,0.002,1.747,1.76,1.759,1.755,1.457,0.0188,2.0,0.0113,0.0113,0.74,0.1356,6.488,0.7009,47.7,Alert,Bearing defect frequencies,Replace DE/NDE bearings at next planned stop,13.997,False
KI16,TestRig,34,2024-02-04,70.0,43.7,bearing,1.0,100.0,25.0,0.002,1.741,1.757,1.752,1.75,1.456,0.0136,2.0,0.0173,0.0173,0.92,0.1356,6.488,0.6958,48.1,Alert,Bearing defect frequencies,Replace DE/NDE bearings at next planned stop,13.867,False
KI16,TestRig,35,2024-02-05,70.0,43.7,bearing,1.0,100.0,25.0,0.002,1.742,1.757,1.751,1.75,1.461,0.016,2.0,0.0122,0.0122,0.88,0.1338,6.573,0.6922,49.0,Alert,Bearing defect frequencies,Replace DE/NDE bearings at next planned stop,13.559,False
KI16,TestRig,36,2024-02-06,70.0,41.9,bearing,1.0,100.0,24.99,0.002,1.735,1.747,1.744,1.742,1.483,0.0139,2.0,0.0055,0.0077,0.65,0.1355,6.492,0.7076,44.9,Alert,Bearing defect frequencies,Replace DE/NDE bearings at next planned stop,14.975,False
KI16,TestRig,37,2024-02-07,70.0,41.9,bearing,1.0,100.0,24.99,0.002,1.737,1.751,1.748,1.745,1.486,0.0195,2.0,0.0074,0.0074,0.75,0.1398,6.291,0.7198,39.6,Critical,Bearing defect frequencies,Replace DE/NDE bearings at next planned stop,17.009,False
KI16,TestRig,38,2024-02-08,70.0,41.9,bearing,1.0,100.0,24.99,0.002,1.735,1.751,1.743,1.743,1.455,0.0178,2.0,0.0049,0.0049,0.88,0.1367,6.435,0.7059,46.5,Alert,Bearing defect frequencies,Replace DE/NDE bearings at next planned stop,14.412,False
KI16,TestRig,39,2024-02-09,70.0,41.9,bearing,1.0,100.0,24.99,0.002,1.743,1.759,1.753,1.752,1.459,0.0106,2.0,0.0078,0.015,0.95,0.1339,6.571,0.6988,48.3,Alert,Bearing defect frequencies,Replace DE/NDE bearings at next planned stop,13.779,False
KI16,TestRig,40,2024-02-10,70.0,41.8,bearing,1.0,100.0,24.99,0.002,1.739,1.752,1.746,1.746,1.459,0.0154,2.0,0.0104,0.0104,0.78,0.1363,6.455,0.7014,48.3,Alert,Bearing defect frequencies,Replace DE/NDE bearings at next planned stop,13.778,False
KI16,TestRig,41,2024-02-11,70.0,41.8,bearing,1.0,100.0,24.99,0.002,1.74,1.754,1.745,1.746,1.455,0.0174,2.0,0.007,0.007,0.79,0.1311,6.709,0.7129,46.5,Alert,Bearing defect frequencies,Replace DE/NDE bearings at next planned stop,14.419,False
KI16,TestRig,42,2024-02-12,70.0,41.8,bearing,1.0,100.0,24.99,0.002,1.743,1.755,1.746,1.748,1.452,0.0154,2.0,0.0087,0.0087,0.68,0.1324,6.646,0.6987,51.1,Alert,Bearing defect frequencies,Replace DE/NDE bearings at next planned stop,12.876,False
KI16,TestRig,43,2024-02-13,70.0,41.8,bearing,1.0,100.0,24.99,0.002,1.748,1.759,1.751,1.753,1.478,0.0146,2.0,0.0075,0.0075,0.65,0.1298,6.78,0.6886,49.2,Alert,Bearing defect frequencies,Replace DE/NDE bearings at next planned stop,13.486,False
KI16,TestRig,44,2024-02-14,70.0,44.9,bearing,1.0,100.0,25.0,0.002,1.743,1.756,1.748,1.749,1.474,0.0162,2.0,0.0073,0.0073,0.75,0.1248,7.05,0.6589,54.4,Alert,Bearing defect frequencies,Replace DE/NDE bearings at next planned stop,11.871,False
KI16,TestRig,45,2024-02-15,70.0,44.9,bearing,1.0,100.0,25.0,0.002,1.739,1.75,1.743,1.744,1.481,0.0163,2.0,0.0076,0.0076,0.59,0.1199,7.339,0.648,56.7,Alert,Bearing defect frequencies,Replace DE/NDE bearings at next planned stop,11.201,False
KI16,TestRig,46,2024-02-16,70.0,44.9,bearing,1.0,100.0,25.0,0.002,1.738,1.746,1.741,1.742,1.484,0.0156,2.0,0.0056,0.0056,0.45,0.1192,7.378,0.6505,56.9,Alert,Bearing defect frequencies,Replace DE/NDE bearings at next planned stop,11.145,False
KI16,TestRig,47,2024-02-17,70.0,44.9,bearing,1.0,100.0,25.0,0.002,1.735,1.742,1.739,1.739,1.483,0.0144,2.0,0.0116,0.0116,0.39,0.1237,7.11,0.6555,56.5,Alert,Bearing defect frequencies,Replace DE/NDE bearings at next planned stop,11.26,False
KI16,TestRig,48,2024-02-18,70.0,41.8,bearing,1.0,100.0,24.99,0.002,1.74,1.754,1.748,1.747,1.473,0.0172,2.0,0.0055,0.0055,0.81,0.1302,6.758,0.6887,47.8,Alert,Bearing defect frequencies,Replace DE/NDE bearings at next planned stop,13.955,False
KI16,TestRig,49,2024-02-19,70.0,41.8,bearing,1.0,100.0,24.99,0.002,1.737,1.746,1.74,1.741,1.452,0.0155,2.0,0.0079,0.0079,0.54,0.137,6.422,0.7166,48.3,Alert,Bearing defect frequencies,Replace DE/NDE bearings at next planned stop,13.795,False
KI16,TestRig,50,2024-02-20,70.0,41.8,bearing,1.0,100.0,24.99,0.002,1.743,1.75,1.745,1.746,1.458,0.0104,2.0,0.0042,0.0081,0.45,0.1373,6.41,0.7202,47.6,Alert,Bearing defect frequencies,Replace DE/NDE bearings at next planned stop,14.017,False
KI16,TestRig,51,2024-02-21,70.0,41.8,bearing,1.0,100.0,24.99,0.002,1.74,1.747,1.744,1.744,1.451,0.0167,2.0,0.0069,0.0069,0.4,0.1353,6.501,0.7079,50.2,Alert,Bearing defect frequencies,Replace DE/NDE bearings at next planned stop,13.17,False
KI16,TestRig,52,2024-02-22,70.0,44.1,bearing,1.0,100.0,24.99,0.002,1.739,1.754,1.749,1.748,1.457,0.019,2.0,0.0059,0.0059,0.85,0.12,7.332,0.6622,54.9,Alert,Bearing defect frequencies,Replace DE/NDE bearings at next planned stop,11.718,False
KI16,TestRig,53,2024-02-23,70.0,44.1,bearing,1.0,100.0,24.99,0.002,1.739,1.755,1.748,1.747,1.46,0.0193,2.0,0.0065,0.0065,0.9,0.1271,6.922,0.6763,50.9,Alert,Bearing defect frequencies,Replace DE/NDE bearings at next planned stop,12.957,False
KI16,TestRig,54,2024-02-24,70.0,44.1,bearing,1.0,100.0,24.99,0.002,1.74,1.754,1.746,1.747,1.464,0.0163,2.0,0.0061,0.0061,0.84,0.1278,6.885,0.6809,51.0,Alert,Bearing defect frequencies,Replace DE/NDE bearings at next planned stop,12.904,False
KI16,TestRig,55,2024-02-25,70.0,44.1,bearing,1.0,100.0,24.99,0.002,1.743,1.756,1.748,1.749,1.458,0.0173,2.0,0.0061,0.0061,0.77,0.1282,6.861,0.6817,52.0,Alert,Bearing defect frequencies,Replace DE/NDE bearings at next planned stop,12.603,False
KI16,TestRig,56,2024-02-26,70.0,43.6,bearing,1.0,100.0,24.99,0.002,1.745,1.752,1.751,1.749,1.46,0.017,2.0,0.007,0.007,0.43,0.1228,7.166,0.646,61.9,Watch,Bearing defect frequencies,Replace DE/NDE bearings at next planned stop,9.776,False
KI16,TestRig,57,2024-02-27,70.0,43.6,bearing,1.0,100.0,24.99,0.002,1.738,1.749,1.748,1.745,1.46,0.0168,2.0,0.0072,0.0072,0.63,0.1212,7.258,0.6498,59.8,Alert,Bearing defect frequencies,Replace DE/NDE bearings at next planned stop,10.323,False
KI16,TestRig,58,2024-02-28,70.0,43.6,bearing,1.0,100.0,24.99,0.002,1.736,1.75,1.746,1.744,1.475,0.0157,2.0,0.0067,0.0067,0.79,0.1229,7.159,0.6478,56.5,Alert,Bearing defect frequencies,Replace DE/NDE bearings at next planned stop,11.26,False
KI16,TestRig,59,2024-02-29,70.0,43.6,bearing,1.0,100.0,24.99,0.002,1.734,1.75,1.742,1.742,1.474,0.0158,2.0,0.0086,0.0086,0.88,0.1254,7.015,0.6665,52.0,Alert,Bearing defect frequencies,Replace DE/NDE bearings at next planned stop,12.581,False
KI16,TestRig,60,2024-03-01,70.0,43.2,bearing,1.0,100.0,24.99,0.002,1.73,1.742,1.734,1.735,1.493,0.0153,2.0,0.0096,0.0096,0.69,0.1208,7.285,0.6687,50.1,Alert,Bearing defect frequencies,Replace DE/NDE bearings at next planned stop,13.214,False
KI16,TestRig,61,2024-03-02,70.0,43.2,bearing,1.0,100.0,24.99,0.002,1.733,1.743,1.737,1.738,1.478,0.0165,2.0,0.0085,0.0085,0.57,0.1203,7.316,0.663,54.2,Alert,Bearing defect frequencies,Replace DE/NDE bearings at next planned stop,11.929,False
KI16,TestRig,62,2024-03-03,70.0,43.2,bearing,1.0,100.0,24.99,0.002,1.733,1.741,1.736,1.737,1.476,0.0168,2.0,0.0076,0.0076,0.43,0.1274,6.905,0.6761,52.3,Alert,Bearing defect frequencies,Replace DE/NDE bearings at next planned stop,12.494,False
KI16,TestRig,63,2024-03-04,70.0,43.2,bearing,1.0,100.0,24.99,0.002,1.73,1.737,1.736,1.735,1.473,0.0184,2.0,0.0071,0.0071,0.4,0.1284,6.853,0.6767,52.0,Alert,Bearing defect frequencies,Replace DE/NDE bearings at next planned stop,12.6,False
KI16,TestRig,64,2024-03-05,70.0,43.4,bearing,1.0,100.0,24.99,0.002,1.733,1.742,1.741,1.739,1.483,0.0185,2.0,0.0079,0.0079,0.52,0.1254,7.018,0.6645,52.3,Alert,Bearing defect frequencies,Replace DE/NDE bearings at next planned stop,12.503,False
KI16,TestRig,65,2024-03-06,70.0,43.4,bearing,1.0,100.0,24.99,0.002,1.734,1.745,1.746,1.742,1.5,0.0132,2.0,0.0097,0.0128,0.66,0.1227,7.173,0.6486,53.4,Alert,Bearing defect frequencies,Replace DE/NDE bearings at next planned stop,12.171,True
KI16,TestRig,66,2024-03-07,70.0,43.4,bearing,1.0,100.0,24.99,0.002,1.739,1.749,1.748,1.745,1.482,0.0199,2.0,0.0075,0.0075,0.57,0.1224,7.19,0.6493,54.6,Alert,Bearing defect frequencies,Replace DE/NDE bearings at next planned stop,11.813,False
KI16,TestRig,67,2024-03-08,70.0,43.4,bearing,1.0,100.0,24.99,0.002,1.733,1.747,1.744,1.741,1.475,0.0202,2.0,0.0075,0.0075,0.8,0.1285,6.845,0.6834,47.3,Alert,Bearing defect frequencies,Replace DE/NDE bearings at next planned stop,14.122,False
KI16,TestRig,68,2024-03-09,70.0,45.4,bearing,1.0,100.0,25.0,0.002,1.743,1.751,1.749,1.747,1.462,0.0177,2.0,0.0071,0.0071,0.46,0.1182,7.442,0.6562,59.0,Alert,Bearing defect frequencies,Replace DE/NDE bearings at next planned stop,10.566,False
KI16,TestRig,69,2024-03-10,70.0,45.4,bearing,1.0,100.0,25.0,0.002,1.734,1.744,1.743,1.74,1.464,0.0094,2.0,0.0135,0.0135,0.61,0.1284,6.851,0.6787,54.1,Alert,Bearing defect frequencies,Replace DE/NDE bearings at next planned stop,11.958,True
KI16,TestRig,70,2024-03-11,70.0,45.4,bearing,1.0,100.0,25.0,0.002,1.727,1.744,1.737,1.736,1.469,0.0095,2.0,0.0066,0.0093,0.93,0.1315,6.691,0.6918,48.3,Alert,Bearing defect frequencies,Replace DE/NDE bearings at next planned stop,13.791,True
KI16,TestRig,71,2024-03-12,70.0,45.4,bearing,1.0,100.0,25.0,0.002,1.734,1.749,1.745,1.742,1.461,0.0151,2.0,0.0063,0.0063,0.84,0.1307,6.733,0.6862,51.0,Alert,Bearing defect frequencies,Replace DE/NDE bearings at next planned stop,12.924,False
KI16,TestRig,72,2024-03-13,70.0,43.0,bearing,1.0,100.0,24.99,0.002,1.744,1.759,1.749,1.751,1.472,0.0041,2.0,0.019,0.019,0.81,0.129,6.822,0.6873,47.4,Alert,Bearing defect frequencies,Replace DE/NDE bearings at next planned stop,14.08,True
KI16,TestRig,73,2024-03-14,70.0,43.0,bearing,1.0,100.0,24.99,0.002,1.744,1.756,1.748,1.749,1.474,0.0141,2.0,0.0064,0.0064,0.7,0.1314,6.694,0.7001,47.6,Alert,Bearing defect frequencies,Replace DE/NDE bearings at next planned stop,14.034,False
KI16,TestRig,74,2024-03-15,70.0,43.0,bearing,1.0,100.0,24.99,0.002,1.744,1.757,1.749,1.75,1.48,0.0119,2.0,0.0114,0.0114,0.78,0.1335,6.592,0.7047,45.2,Alert,Bearing defect frequencies,Replace DE/NDE bearings at next planned stop,14.865,True
KI16,TestRig,75,2024-03-16,70.0,43.0,bearing,1.0,100.0,24.99,0.002,1.744,1.754,1.747,1.748,1.474,0.0156,2.0,0.0056,0.0056,0.61,0.1323,6.649,0.6869,50.0,Alert,Bearing defect frequencies,Replace DE/NDE bearings at next planned stop,13.238,False
KI16,TestRig,76,2024-03-17,70.0,42.9,bearing,1.0,100.0,24.99,0.002,1.733,1.745,1.738,1.739,1.459,0.0152,2.0,0.0026,0.0061,0.7,0.1257,7.0,0.6721,55.3,Alert,Bearing defect frequencies,Replace DE/NDE bearings at next planned stop,11.596,False
KI16,TestRig,77,2024-03-18,70.0,42.9,bearing,1.0,100.0,24.99,0.002,1.734,1.743,1.737,1.738,1.457,0.016,2.0,0.0089,0.0089,0.51,0.1251,7.035,0.67,57.3,Alert,Bearing defect frequencies,Replace DE/NDE bearings at next planned stop,11.026,False
KI16,TestRig,78,2024-03-19,70.0,42.9,bearing,1.0,100.0,24.99,0.002,1.736,1.744,1.741,1.74,1.462,0.0106,2.0,0.0032,0.0103,0.48,0.1284,6.852,0.6845,54.3,Alert,Bearing defect frequencies,Replace DE/NDE bearings at next planned stop,11.886,False
KI16,TestRig,79,2024-03-20,70.0,42.9,bearing,1.0,100.0,24.99,0.002,1.738,1.745,1.742,1.742,1.465,0.0174,2.0,0.0072,0.0072,0.44,0.1312,6.706,0.6877,51.6,Alert,Bearing defect frequencies,Replace DE/NDE bearings at next planned stop,12.716,False
